date,open,high,low,close,dividend
2015-01-02,15.629,15.7375,15.348,15.426,0.0
2015-01-05,15.3505,15.419,15.0425,15.1095,0.0
2015-01-06,15.112,15.15,14.619,14.7645,0.0
2015-01-07,14.875,15.064,14.7665,14.921,0.0
2015-01-08,15.016,15.157,14.8055,15.023,0.0
2015-01-09,15.074,15.1435,14.834,14.8465,0.0
2015-01-12,14.878,14.9255,14.464,14.5705,0.0
2015-01-13,14.874,15.075,14.6615,14.737,0.0
2015-01-14,14.5965,14.7955,14.325,14.6635,0.0
2015-01-15,14.7,14.8,14.341,14.3475,0.0
2015-01-16,14.314,14.5395,14.2625,14.537,0.0
2015-01-20,14.6295,14.668,14.3195,14.472,0.0
2015-01-21,14.482,15.3,14.363,14.8625,0.0
2015-01-22,15.0,15.6125,15.0,15.516,0.0
2015-01-23,15.404,15.8465,15.386,15.6195,0.0
2015-01-26,15.591,15.65,15.376,15.483,0.0
2015-01-27,15.315,15.512,15.1315,15.3375,0.0
2015-01-28,15.4905,15.5755,15.19,15.1955,0.0
2015-01-29,15.2365,15.64,14.9665,15.589,0.0
2015-01-30,17.316,17.975,17.037,17.7265,0.0
2015-02-02,17.5025,18.25,17.5005,18.2235,0.0
2015-02-03,18.0145,18.391,18.0105,18.1775,0.0
2015-02-04,17.919,18.375,17.9115,18.2375,0.0
2015-02-05,18.3,18.94,18.295,18.6945,0.0
2015-02-06,18.7435,18.7995,18.5505,18.714,0.0
2015-02-09,18.55,18.7205,18.36,18.528,0.0
2015-02-10,18.5595,18.715,18.4255,18.65,0.0
2015-02-11,18.5615,18.855,18.555,18.757,0.0
2015-02-12,18.755,18.9255,18.6575,18.8585,0.0
2015-02-13,18.9205,19.15,18.8505,19.0915,0.0
2015-02-17,18.886,18.9995,18.6335,18.7715,0.0
2015-02-18,18.689,18.837,18.6425,18.6685,0.0
2015-02-19,18.6745,19.094,18.6715,18.95,0.0
2015-02-20,18.931,19.185,18.792,19.183,0.0
2015-02-23,19.172,19.227,18.9,19.007,0.0
2015-02-24,18.9325,19.024,18.808,18.9295,0.0
2015-02-25,18.8635,19.3925,18.827,19.2685,0.0
2015-02-26,19.2035,19.4685,19.164,19.24,0.0
2015-02-27,19.2,19.2995,18.9895,19.008,0.0
2015-03-02,19.0425,19.295,18.974,19.283,0.0
2015-03-03,19.1975,19.305,19.08,19.2305,0.0
2015-03-04,19.2855,19.395,19.1095,19.136,0.0
2015-03-05,19.2805,19.421,19.1945,19.3915,0.0
2015-03-06,19.276,19.35,18.944,19.0045,0.0
2015-03-09,18.92,18.9665,18.764,18.928,0.0
2015-03-10,18.8725,18.8885,18.459,18.4755,0.0
2015-03-11,18.5305,18.6675,18.313,18.3185,0.0
2015-03-12,18.441,18.775,18.376,18.712,0.0
2015-03-13,18.576,18.6995,18.334,18.529,0.0
2015-03-16,18.519,18.697,18.336,18.6675,0.0
2015-03-17,18.5555,18.725,18.482,18.596,0.0
2015-03-18,18.4985,18.7995,18.335,18.757,0.0
2015-03-19,18.6935,18.8555,18.6095,18.662,0.0
2015-03-20,18.8145,18.9685,18.796,18.9245,0.0
2015-03-23,18.9035,19.0885,18.747,18.7555,0.0
2015-03-24,18.6995,18.762,18.6135,18.7045,0.0
2015-03-25,18.7585,19.025,18.5145,18.548,0.0
2015-03-26,18.4795,18.57,18.2825,18.3675,0.0
2015-03-27,18.3555,18.6585,18.3285,18.528,0.0
2015-03-30,18.5935,18.806,18.5775,18.7295,0.0
2015-03-31,18.662,18.885,18.5755,18.605,0.0
2015-04-01,18.605,18.658,18.417,18.513,0.0
2015-04-02,18.525,18.664,18.45,18.6125,0.0
2015-04-06,18.505,19.01,18.468,18.852,0.0
2015-04-07,18.8075,18.9655,18.7015,18.7205,0.0
2015-04-08,18.733,19.079,18.7325,19.06,0.0
2015-04-09,19.033,19.221,18.94,19.177,0.0
2015-04-10,19.2155,19.356,19.066,19.1325,0.0
2015-04-13,19.1765,19.264,19.007,19.118,0.0
2015-04-14,19.1755,19.3905,19.0605,19.2555,0.0
2015-04-15,19.2325,19.289,19.082,19.1725,0.0
2015-04-16,19.1845,19.3725,19.1775,19.302,0.0
2015-04-17,19.1315,19.178,18.72,18.778,0.0
2015-04-20,18.9275,19.597,18.85,19.4755,0.0
2015-04-21,19.5655,19.73,19.34,19.559,0.0
2015-04-22,19.5955,19.714,19.4,19.49,0.0
2015-04-23,19.5105,19.594,19.3075,19.4995,0.0
2015-04-24,21.95,22.6325,21.95,22.255,0.0
2015-04-27,22.193,22.3495,21.8705,21.928,0.0
2015-04-28,21.9255,21.95,21.402,21.4655,0.0
2015-04-29,21.3375,21.712,21.3015,21.4685,0.0
2015-04-30,21.3555,21.5875,20.962,21.089,0.0
2015-05-01,21.191,21.282,20.8,21.1435,0.0
2015-05-04,21.24,21.4885,21.121,21.152,0.0
2015-05-05,21.1425,21.3755,21.051,21.0595,0.0
2015-05-06,21.0715,21.136,20.7275,20.955,0.0
2015-05-07,21.2075,21.425,21.1425,21.344,0.0
2015-05-08,21.5375,21.76,21.5085,21.6845,0.0
2015-05-11,21.6255,21.95,21.5685,21.6425,0.0
2015-05-12,21.554,21.6625,21.3355,21.551,0.0
2015-05-13,21.499,21.6765,21.29,21.3435,0.0
2015-05-14,21.4725,21.65,21.3505,21.614,0.0
2015-05-15,21.4,21.52,21.215,21.3,0.0
2015-05-18,21.3,21.3635,21.073,21.262,0.0
2015-05-19,21.2435,21.412,21.0315,21.0855,0.0
2015-05-20,21.03,21.355,20.918,21.193,0.0
2015-05-21,21.4,21.845,21.4,21.5815,0.0
2015-05-22,21.5775,21.622,21.3805,21.3815,0.0
2015-05-26,21.31,21.35,21.1,21.2735,0.0
2015-05-27,21.3725,21.5925,21.2505,21.571,0.0
2015-05-28,21.4855,21.5675,21.2735,21.3285,0.0
2015-05-29,21.3615,21.625,21.3615,21.4615,0.0
2015-06-01,21.52,21.658,21.31,21.546,0.0
2015-06-02,21.5035,21.6615,21.3125,21.5495,0.0
2015-06-03,21.72,21.9195,21.6375,21.8295,0.0
2015-06-04,21.72,21.838,21.463,21.539,0.0
2015-06-05,21.483,21.54,21.325,21.3475,0.0
2015-06-08,21.281,21.34,21.0715,21.175,0.0
2015-06-09,21.148,21.3745,20.957,21.274,0.0
2015-06-10,21.323,21.61,21.283,21.5385,0.0
2015-06-11,21.6145,21.9445,21.5735,21.6485,0.0
2015-06-12,21.5625,21.618,21.413,21.496,0.0
2015-06-15,21.383,21.4025,21.132,21.1835,0.0
2015-06-16,21.2075,21.3985,21.1335,21.363,0.0
2015-06-17,21.418,21.5675,21.2375,21.3905,0.0
2015-06-18,21.515,21.9865,21.4705,21.9695,0.0
2015-06-19,22.013,22.2495,21.662,21.746,0.0
2015-06-22,21.85,21.962,21.709,21.8145,0.0
2015-06-23,21.7795,22.352,21.6845,22.2995,0.0
2015-06-24,22.2485,22.3235,22.0115,22.042,0.0
2015-06-25,21.9035,22.1735,21.8195,22.005,0.0
2015-06-26,22.088,22.1745,21.753,21.905,0.0
2015-06-29,21.749,21.85,21.45,21.493,0.0
2015-06-30,21.71,21.7785,21.523,21.7045,0.0
2015-07-01,21.9675,22.0,21.779,21.8695,0.0
2015-07-02,21.85,21.91,21.674,21.8855,0.0
2015-07-06,21.7615,21.9865,21.676,21.802,0.0
2015-07-07,21.784,21.8865,21.2785,21.836,0.0
2015-07-08,21.7175,21.7995,21.4415,21.485,0.0
2015-07-09,21.745,21.936,21.7075,21.7195,0.0
2015-07-10,22.0245,22.236,21.95,22.1755,0.0
2015-07-13,22.4145,22.8935,22.377,22.7785,0.0
2015-07-14,23.116,23.48,22.908,23.2785,0.0
2015-07-15,23.152,23.235,23.01,23.0595,0.0
2015-07-16,23.275,23.794,23.24,23.774,0.0
2015-07-17,23.885,24.271,23.8625,24.1505,0.0
2015-07-20,24.6285,24.66,24.27,24.405,0.0
2015-07-21,24.395,24.444,24.1275,24.4,0.0
2015-07-22,24.2995,24.625,24.245,24.4135,0.0
2015-07-23,24.583,24.583,23.785,24.109,0.0
2015-07-24,28.9495,29.0285,26.4675,26.471,0.0
2015-07-27,26.3875,27.2475,26.33,26.5705,0.0
2015-07-28,26.8,26.8195,26.156,26.3015,0.0
2015-07-29,26.546,26.6485,26.251,26.45,0.0
2015-07-30,26.3825,26.96,26.2145,26.838,0.0
2015-07-31,26.9545,27.142,26.726,26.8075,0.0
2015-08-03,26.8725,27.022,26.468,26.7515,0.0
2015-08-04,26.4845,26.8475,26.458,26.595,0.0
2015-08-05,26.94,26.957,26.706,26.8505,0.0
2015-08-06,26.965,27.137,26.376,26.473,0.0
2015-08-07,26.458,26.473,25.9105,26.131,0.0
2015-08-10,26.426,26.614,26.15,26.2,0.0
2015-08-11,26.1825,26.449,26.1,26.373,0.0
2015-08-12,26.1875,26.375,25.653,26.2955,0.0
2015-08-13,26.3685,26.733,26.2745,26.483,0.0
2015-08-14,26.4125,26.7055,26.4125,26.576,0.0
2015-08-17,26.5645,26.937,26.356,26.761,0.0
2015-08-18,26.752,26.9745,26.65,26.751,0.0
2015-08-19,26.687,26.8625,26.45,26.646,0.0
2015-08-20,26.5195,26.6625,25.7885,25.789,0.0
2015-08-21,25.368,25.6165,24.7235,24.7235,0.0
2015-08-24,23.179,23.829,22.55,23.1685,0.0
2015-08-25,24.3745,24.472,23.3125,23.3185,0.0
2015-08-26,24.201,25.186,23.938,25.0385,0.0
2015-08-27,25.6855,26.1345,25.363,25.9185,0.0
2015-08-28,25.875,26.075,25.652,25.9005,0.0
2015-08-31,25.822,25.9705,25.4535,25.6445,0.0
2015-09-01,24.957,25.5,24.6715,24.827,0.0
2015-09-02,25.2545,25.543,24.886,25.5275,0.0
2015-09-03,25.725,25.792,25.1285,25.236,0.0
2015-09-04,24.8825,25.1425,24.782,24.95,0.0
2015-09-08,25.4345,25.9175,25.4255,25.877,0.0
2015-09-09,26.2,26.4975,25.753,25.8445,0.0
2015-09-10,25.7575,26.3065,25.739,26.112,0.0
2015-09-11,26.0535,26.472,26.0305,26.472,0.0
2015-09-14,26.472,26.6225,25.929,26.069,0.0
2015-09-15,26.1625,26.396,25.86,26.1185,0.0
2015-09-16,26.099,26.415,25.926,26.3695,0.0
2015-09-17,26.349,27.3485,26.3285,26.9435,0.0
2015-09-18,26.731,27.312,26.5675,27.013,0.0
2015-09-21,27.2165,27.489,26.9795,27.4195,0.0
2015-09-22,26.9855,27.1775,26.633,26.92,0.0
2015-09-23,26.915,27.0605,26.7,26.8035,0.0
2015-09-24,26.5275,26.728,26.1435,26.6875,0.0
2015-09-25,27.1285,27.14,26.07,26.2125,0.0
2015-09-28,26.001,26.014,24.7165,25.203,0.0
2015-09-29,25.3,25.574,24.525,24.8035,0.0
2015-09-30,25.272,25.64,25.0835,25.5945,0.0
2015-10-01,25.55,26.04,25.3,26.036,0.0
2015-10-02,25.6495,26.63,25.405,26.627,0.0
2015-10-05,26.8495,27.2955,26.8,27.184,0.0
2015-10-06,27.275,27.575,26.6665,26.874,0.0
2015-10-07,27.0895,27.1,26.45,27.097,0.0
2015-10-08,26.8355,26.9695,25.9945,26.658,0.0
2015-10-09,26.724,27.0895,26.5135,26.99,0.0
2015-10-12,26.998,27.541,26.99,27.5095,0.0
2015-10-13,27.313,27.66,27.155,27.445,0.0
2015-10-14,27.567,27.6125,26.984,27.2415,0.0
2015-10-15,27.3875,28.15,27.35,28.122,0.0
2015-10-16,28.2635,28.547,28.0155,28.538,0.0
2015-10-19,28.538,28.95,28.369,28.6575,0.0
2015-10-20,28.6,28.65,27.764,28.044,0.0
2015-10-21,28.1935,28.2625,27.626,27.7885,0.0
2015-10-22,28.135,28.4575,27.8335,28.1955,0.0
2015-10-23,30.884,30.9725,29.768,29.9515,0.0
2015-10-26,30.115,30.4925,29.8145,30.4305,0.0
2015-10-27,30.43,30.7355,30.2765,30.5505,0.0
2015-10-28,30.615,30.8615,30.475,30.855,0.0
2015-10-29,30.885,31.377,30.7695,31.3275,0.0
2015-10-30,31.3005,31.536,31.264,31.295,0.0
2015-11-02,31.3565,31.4315,31.0205,31.4175,0.0
2015-11-03,31.4765,31.4945,31.1,31.2655,0.0
2015-11-04,31.388,32.2965,31.3675,32.0475,0.0
2015-11-05,32.355,32.85,32.1545,32.7825,0.0
2015-11-06,32.75,33.113,32.6,32.9685,0.0
2015-11-09,32.9325,33.098,32.3925,32.7745,0.0
2015-11-10,32.5505,33.0,32.363,32.984,0.0
2015-11-11,33.1625,33.798,33.1625,33.6625,0.0
2015-11-12,33.65,33.782,33.211,33.28,0.0
2015-11-13,33.1785,33.35,32.0225,32.1175,0.0
2015-11-16,32.046,32.4995,31.1145,32.3905,0.0
2015-11-17,32.5325,32.6625,32.05,32.165,0.0
2015-11-18,32.3255,33.244,32.3185,33.177,0.0
2015-11-19,33.2495,33.643,32.95,33.0635,0.0
2015-11-20,33.397,33.4435,32.8785,33.4225,0.0
2015-11-23,33.575,34.1385,33.506,33.9495,0.0
2015-11-24,33.707,33.79,33.0605,33.5575,0.0
2015-11-25,33.75,33.985,33.562,33.767,0.0
2015-11-27,34.04,34.0495,33.605,33.663,0.0
2015-11-30,33.795,34.0645,33.23,33.24,0.0
2015-12-01,33.6875,34.05,33.393,33.953,0.0
2015-12-02,34.05,34.241,33.7125,33.8005,0.0
2015-12-03,33.972,34.1395,33.074,33.3125,0.0
2015-12-04,33.3,33.739,33.07,33.632,0.0
2015-12-07,33.737,33.773,33.025,33.4915,0.0
2015-12-08,33.1565,33.9995,32.9895,33.8665,0.0
2015-12-09,33.9,33.95,32.784,33.2395,0.0
2015-12-10,33.2795,33.4265,32.978,33.116,0.0
2015-12-11,32.5615,32.894,31.981,32.0075,0.0
2015-12-14,32.0875,32.9295,31.7635,32.8955,0.0
2015-12-15,33.2515,33.575,32.8675,32.932,0.0
2015-12-16,33.178,33.8675,32.966,33.7885,0.0
2015-12-17,34.0,34.125,33.5325,33.5325,0.0
2015-12-18,33.4325,33.842,33.2065,33.207,0.0
2015-12-21,33.425,33.495,32.9465,33.2255,0.0
2015-12-22,33.3415,33.4245,32.963,33.1575,0.0
2015-12-23,33.325,33.33,32.8315,33.185,0.0
2015-12-24,33.1675,33.234,33.03,33.1395,0.0
2015-12-28,33.278,33.775,33.275,33.76,0.0
2015-12-29,33.899,34.822,33.8945,34.6985,0.0
2015-12-30,34.5945,34.7745,34.319,34.4535,0.0
2015-12-31,34.304,34.3875,33.7945,33.7945,0.0
2016-01-04,32.8145,32.886,31.3755,31.8495,0.0
2016-01-05,32.343,32.3455,31.3825,31.6895,0.0
2016-01-06,31.1,31.9895,31.0155,31.6325,0.0
2016-01-07,31.09,31.5,30.2605,30.397,0.0
2016-01-08,30.983,31.207,30.3,30.3525,0.0
2016-01-11,30.624,30.9925,29.9285,30.887,0.0
2016-01-12,31.2625,31.2995,30.612,30.8945,0.0
2016-01-13,31.044,31.044,28.958,29.0905,0.0
2016-01-14,29.0125,30.1125,28.494,29.65,0.0
2016-01-15,28.612,29.231,28.265,28.509,0.0
2016-01-19,28.8545,29.2,28.3225,28.724,0.0
2016-01-20,28.218,28.9225,27.359,28.5885,0.0
2016-01-21,28.679,29.4405,28.411,28.751,0.0
2016-01-22,29.4365,30.005,29.2055,29.819,0.0
2016-01-25,29.8995,30.425,29.728,29.8265,0.0
2016-01-26,30.1725,30.225,29.519,30.0625,0.0
2016-01-27,30.0995,30.1695,28.939,29.1675,0.0
2016-01-28,30.4185,31.903,29.8775,31.7675,0.0
2016-01-29,28.599,29.65,28.5,29.35,0.0
2016-02-01,28.9075,29.09,28.5155,28.7405,0.0
2016-02-02,28.5,28.578,27.5045,27.605,0.0
2016-02-03,27.675,27.8,26.095,26.5535,0.0
2016-02-04,26.25,26.9495,25.961,26.813,0.0
2016-02-05,26.464,26.4725,24.9595,25.1065,0.0
2016-02-08,24.3235,24.675,23.7605,24.405,0.0
2016-02-09,23.9005,24.919,23.7,24.1035,0.0
2016-02-10,24.588,25.233,24.3,24.524,0.0
2016-02-11,24.5585,25.465,24.2,25.191,0.0
2016-02-12,25.535,25.8375,25.0745,25.354,0.0
2016-02-16,25.974,26.2225,25.583,26.055,0.0
2016-02-17,26.437,26.874,25.9695,26.705,0.0
2016-02-18,27.0595,27.06,26.1865,26.25,0.0
2016-02-19,26.0355,26.7975,25.7675,26.745,0.0
2016-02-22,27.11,28.0325,27.054,27.975,0.0
2016-02-23,27.7775,27.8455,27.2665,27.647,0.0
2016-02-24,27.2875,27.7135,26.6575,27.702,0.0
2016-02-25,27.776,27.9695,27.2645,27.7575,0.0
2016-02-26,28.006,28.125,27.6585,27.7615,0.0
2016-02-29,27.7,28.2405,27.6255,27.626,0.0
2016-03-01,27.8145,28.9625,27.8,28.952,0.0
2016-03-02,29.0875,29.25,28.685,29.0105,0.0
2016-03-03,28.898,28.9935,28.6555,28.8745,0.0
2016-03-04,29.0535,29.07,28.5535,28.757,0.0
2016-03-07,28.677,28.6815,27.7775,28.14,0.0
2016-03-08,27.8935,28.5675,27.737,28.013,0.0
2016-03-09,27.978,28.0175,27.5065,27.9735,0.0
2016-03-10,28.337,28.35,27.395,27.9465,0.0
2016-03-11,28.3475,28.503,28.1365,28.4805,0.0
2016-03-14,28.35,28.8445,28.1525,28.6685,0.0
2016-03-15,28.55,29.076,28.35,28.851,0.0
2016-03-16,28.832,29.066,28.557,28.7135,0.0
2016-03-17,28.4755,28.57,27.7505,27.972,0.0
2016-03-18,28.047,28.1165,27.3045,27.604,0.0
2016-03-21,27.4455,27.762,26.929,27.699,0.0
2016-03-22,27.2555,28.138,27.2525,28.024,0.0
2016-03-23,28.05,28.624,27.905,28.4815,0.0
2016-03-24,28.3555,29.1775,28.354,29.1475,0.0
2016-03-28,29.22,29.2375,28.778,28.9935,0.0
2016-03-29,29.0075,29.7925,28.825,29.693,0.0
2016-03-30,29.8355,30.162,29.75,29.9345,0.0
2016-03-31,29.964,30.0375,29.6105,29.682,0.0
2016-04-01,29.5245,29.9515,29.415,29.925,0.0
2016-04-04,29.95,29.975,29.5275,29.6595,0.0
2016-04-05,29.5385,29.6735,29.2625,29.307,0.0
2016-04-06,29.376,30.1195,29.375,30.104,0.0
2016-04-07,29.938,29.98,29.454,29.5715,0.0
2016-04-08,29.716,29.893,29.45,29.73,0.0
2016-04-11,29.807,30.2,29.7455,29.7965,0.0
2016-04-12,29.92,30.203,29.6155,30.1585,0.0
2016-04-13,30.384,30.8405,30.2645,30.741,0.0
2016-04-14,30.7535,31.219,30.7535,31.0375,0.0
2016-04-15,31.096,31.3385,30.9055,31.2945,0.0
2016-04-18,31.2675,31.882,31.248,31.7675,0.0
2016-04-19,31.857,31.9005,31.04,31.395,0.0
2016-04-20,31.5,31.8275,31.15,31.6495,0.0
2016-04-21,31.55,31.891,31.425,31.55,0.0
2016-04-22,31.2235,31.4125,30.578,31.025,0.0
2016-04-25,30.8305,31.349,30.8125,31.31,0.0
2016-04-26,31.3085,31.3375,30.744,30.844,0.0
2016-04-27,30.59,30.7975,30.064,30.3285,0.0
2016-04-28,30.777,31.34,29.96,30.1,0.0
2016-04-29,33.3,33.499,32.7,32.9795,0.0
2016-05-02,33.196,34.275,33.1015,34.1925,0.0
2016-05-03,33.868,34.015,33.5215,33.566,0.0
2016-05-04,33.1295,33.7,33.107,33.545,0.0
2016-05-05,33.6655,33.8245,32.8,32.9545,0.0
2016-05-06,32.8025,33.8475,32.8005,33.6975,0.0
2016-05-09,33.6975,34.349,33.5705,33.9875,0.0
2016-05-10,34.7,35.2275,34.675,35.1535,0.0
2016-05-11,35.2895,35.95,35.0825,35.6615,0.0
2016-05-12,35.869,36.1225,35.5755,35.8965,0.0
2016-05-13,35.732,35.9625,35.3255,35.496,0.0
2016-05-16,35.5065,35.6625,35.014,35.533,0.0
2016-05-17,35.495,35.7235,34.6955,34.7635,0.0
2016-05-18,34.478,35.127,34.438,34.8725,0.0
2016-05-19,34.594,34.97,34.478,34.926,0.0
2016-05-20,35.0525,35.362,35.0,35.14,0.0
2016-05-23,35.2125,35.3,34.821,34.8375,0.0
2016-05-24,34.9005,35.375,34.9,35.21,0.0
2016-05-25,35.4,35.543,35.276,35.4175,0.0
2016-05-26,35.4165,35.75,35.3645,35.7455,0.0
2016-05-27,35.75,35.83,35.555,35.612,0.0
2016-05-31,35.6165,36.2115,35.566,36.1395,0.0
2016-06-01,36.045,36.3215,35.911,35.972,0.0
2016-06-02,36.0485,36.414,35.775,36.412,0.0
2016-06-03,36.337,36.35,35.9215,36.277,0.0
2016-06-06,36.325,36.575,36.221,36.3365,0.0
2016-06-07,36.4945,36.5,36.0275,36.187,0.0
2016-06-08,36.32,36.471,36.08,36.332,0.0
2016-06-09,36.155,36.4455,36.115,36.3825,0.0
2016-06-10,36.1175,36.249,35.7105,35.8955,0.0
2016-06-13,35.7005,36.0995,35.558,35.762,0.0
2016-06-14,35.6165,36.0405,35.6135,35.965,0.0
2016-06-15,36.1,36.128,35.6675,35.713,0.0
2016-06-16,35.6025,35.9,35.265,35.8755,0.0
2016-06-17,35.9095,35.91,34.959,35.3195,0.0
2016-06-20,35.675,36.0655,35.5405,35.7005,0.0
2016-06-21,35.786,35.92,35.636,35.791,0.0
2016-06-22,35.829,35.85,35.3785,35.53,0.0
2016-06-23,35.775,36.106,35.625,36.104,0.0
2016-06-24,34.65,35.6265,34.61,34.948,0.0
2016-06-27,34.6005,34.841,34.106,34.568,0.0
2016-06-28,35.0,35.4,34.9085,35.3975,0.0
2016-06-29,35.7875,35.975,35.677,35.78,0.0
2016-06-30,35.86,35.9685,35.627,35.781,0.0
2016-07-01,35.866,36.4,35.827,36.284,0.0
2016-07-05,36.14,36.478,35.9805,36.405,0.0
2016-07-06,36.2855,36.8885,36.129,36.8805,0.0
2016-07-07,36.9665,36.9775,36.5815,36.8285,0.0
2016-07-08,37.007,37.305,36.9,37.2905,0.0
2016-07-11,37.5,37.795,37.35,37.689,0.0
2016-07-12,37.843,37.867,37.0165,37.4105,0.0
2016-07-13,37.338,37.8435,37.0625,37.1315,0.0
2016-07-14,37.443,37.452,36.951,37.06,0.0
2016-07-15,37.3275,37.3275,36.7025,36.772,0.0
2016-07-18,36.7745,37.08,36.436,36.8035,0.0
2016-07-19,36.625,37.1665,36.6155,36.9975,0.0
2016-07-20,37.2,37.3125,37.035,37.286,0.0
2016-07-21,37.375,37.468,37.1395,37.2215,0.0
2016-07-22,37.3895,37.564,37.1765,37.243,0.0
2016-07-25,37.3275,37.425,36.7675,36.9805,0.0
2016-07-26,37.1355,37.1565,36.6375,36.7795,0.0
2016-07-27,36.8985,37.047,36.693,36.8335,0.0
2016-07-28,37.299,37.668,36.985,37.6305,0.0
2016-07-29,38.25,38.3,37.75,37.9405,0.0
2016-08-01,37.9935,38.525,37.853,38.387,0.0
2016-08-02,38.1905,38.2505,37.851,38.029,0.0
2016-08-03,37.853,37.9445,37.6125,37.732,0.0
2016-08-04,37.685,38.25,37.5175,38.0385,0.0
2016-08-05,38.2405,38.4235,38.1545,38.299,0.0
2016-08-08,38.3405,38.35,38.051,38.328,0.0
2016-08-09,38.3695,38.63,38.345,38.4155,0.0
2016-08-10,38.49,38.605,38.3095,38.428,0.0
2016-08-11,38.497,38.6875,38.456,38.562,0.0
2016-08-12,38.423,38.6575,38.421,38.628,0.0
2016-08-15,38.595,38.602,38.3855,38.4245,0.0
2016-08-16,38.431,38.4365,38.191,38.202,0.0
2016-08-17,38.2205,38.261,37.96,38.2315,0.0
2016-08-18,38.2,38.2585,38.03,38.223,0.0
2016-08-19,38.095,38.1245,37.8445,37.8655,0.0
2016-08-22,37.875,37.9925,37.605,37.974,0.0
2016-08-23,38.1655,38.235,38.05,38.1225,0.0
2016-08-24,38.15,38.1705,37.768,37.8625,0.0
2016-08-25,37.8,38.028,37.737,37.961,0.0
2016-08-26,38.0025,38.5,37.99,38.45,0.0
2016-08-29,38.436,38.749,38.43,38.5645,0.0
2016-08-30,38.5525,38.592,38.278,38.379,0.0
2016-08-31,38.33,38.482,38.2,38.458,0.0
2016-09-01,38.545,38.602,38.3375,38.531,0.0
2016-09-02,38.7055,38.8,38.585,38.622,0.0
2016-09-06,38.702,39.474,38.511,39.4435,0.0
2016-09-07,39.4765,39.5395,39.2165,39.224,0.0
2016-09-08,39.1945,39.325,39.072,39.203,0.0
2016-09-09,38.968,39.05,38.0055,38.007,0.0
2016-09-12,37.8675,38.633,37.8,38.5745,0.0
2016-09-13,38.4385,38.4945,37.9525,38.0505,0.0
2016-09-14,38.11,38.375,37.9425,38.0545,0.0
2016-09-15,38.1,38.5435,37.879,38.4845,0.0
2016-09-16,38.664,39.023,38.583,38.926,0.0
2016-09-19,38.9985,39.097,38.55,38.755,0.0
2016-09-20,38.8,39.0685,38.8,39.011,0.0
2016-09-21,39.1625,39.5345,38.9505,39.487,0.0
2016-09-22,39.7135,40.2945,39.7135,40.235,0.0
2016-09-23,40.1565,40.3875,40.106,40.2875,0.0
2016-09-26,40.09,40.2965,39.8575,39.958,0.0
2016-09-27,40.0925,40.832,40.0555,40.8055,0.0
2016-09-28,40.9,41.507,40.8515,41.436,0.0
2016-09-29,41.413,41.875,41.2315,41.4525,0.0
2016-09-30,41.6305,41.9975,41.62,41.8655,0.0
2016-10-03,41.8,41.993,41.5625,41.837,0.0
2016-10-04,42.0455,42.1185,41.513,41.7015,0.0
2016-10-05,41.9,42.2835,41.806,42.218,0.0
2016-10-06,42.185,42.3605,42.03,42.083,0.0
2016-10-07,42.2895,42.2975,41.8725,41.9715,0.0
2016-10-10,42.1625,42.26,42.0135,42.0855,0.0
2016-10-11,42.051,42.0645,41.4175,41.55,0.0
2016-10-12,41.7,41.8835,41.505,41.7045,0.0
2016-10-13,41.45,41.59,41.0605,41.464,0.0
2016-10-14,41.754,41.787,41.148,41.148,0.0
2016-10-17,41.075,41.1,40.584,40.6475,0.0
2016-10-18,41.1055,41.163,40.751,40.8825,0.0
2016-10-19,41.02,41.0335,40.7585,40.8845,0.0
2016-10-20,40.6995,40.7855,40.155,40.516,0.0
2016-10-21,40.468,40.971,40.45,40.9495,0.0
2016-10-24,41.2475,41.915,41.1105,41.9045,0.0
2016-10-25,41.965,42.1545,41.661,41.759,0.0
2016-10-26,41.638,41.672,41.0,41.1295,0.0
2016-10-27,41.562,41.586,40.7715,40.918,0.0
2016-10-28,39.1,39.4745,38.7305,38.816,0.0
2016-10-31,39.0515,39.685,39.0055,39.491,0.0
2016-11-01,39.95,40.042,38.8355,39.2705,0.0
2016-11-02,39.1965,39.2375,38.1775,38.278,0.0
2016-11-03,38.2525,38.85,38.2,38.3515,0.0
2016-11-04,38.1395,38.3,37.6615,37.7525,0.0
2016-11-07,38.582,39.3865,38.547,39.2465,0.0
2016-11-08,39.2485,39.587,38.955,39.3875,0.0
2016-11-09,38.2,38.875,38.0045,38.594,0.0
2016-11-10,38.9405,38.9415,35.885,37.119,0.0
2016-11-11,36.7865,37.163,36.445,36.9505,0.0
2016-11-14,37.2755,37.3,35.505,35.9535,0.0
2016-11-15,36.5,37.339,36.2995,37.162,0.0
2016-11-16,36.994,37.4935,36.7805,37.3245,0.0
2016-11-17,37.466,37.875,37.4,37.82,0.0
2016-11-18,38.05,38.387,37.882,38.008,0.0
2016-11-21,38.3,39.0175,38.2555,39.0,0.0
2016-11-22,39.4085,39.62,39.05,39.2665,0.0
2016-11-23,39.0865,39.0875,38.656,39.006,0.0
2016-11-25,39.325,39.3375,38.895,39.0185,0.0
2016-11-28,38.8495,38.85,38.212,38.3385,0.0
2016-11-29,38.4,38.4945,38.066,38.126,0.0
2016-11-30,38.1,38.4045,37.5125,37.5285,0.0
2016-12-01,37.6205,37.6685,36.9015,37.1825,0.0
2016-12-02,37.17,37.4245,36.835,37.017,0.0
2016-12-05,37.25,38.0745,37.1,37.968,0.0
2016-12-06,38.1995,38.412,37.8625,38.236,0.0
2016-12-07,38.2275,38.521,37.791,38.521,0.0
2016-12-08,38.5935,38.6895,38.2595,38.3665,0.0
2016-12-09,38.5,38.5125,38.267,38.433,0.0
2016-12-12,38.32,38.3445,37.86,38.006,0.0
2016-12-13,38.248,39.123,38.1,38.717,0.0
2016-12-14,38.9125,39.043,38.1405,38.441,0.0
2016-12-15,38.314,38.455,38.0155,38.05,0.0
2016-12-16,38.25,38.2565,37.7,37.8885,0.0
2016-12-19,37.9445,38.525,37.808,38.3,0.0
2016-12-20,38.4325,38.7195,38.3855,38.561,0.0
2016-12-21,38.5,38.561,38.285,38.53,0.0
2016-12-22,38.406,38.5605,38.151,38.317,0.0
2016-12-23,38.2275,38.325,37.8995,38.0295,0.0
2016-12-27,38.17,38.7325,38.06,38.57,0.0
2016-12-28,38.8125,39.0,38.525,38.6065,0.0
2016-12-29,38.62,38.67,38.0425,38.2575,0.0
2016-12-30,38.3235,38.37,37.414,37.4935,0.0
2017-01-03,37.896,37.938,37.385,37.6835,0.0
2017-01-04,37.9195,37.984,37.71,37.859,0.0
2017-01-05,38.0775,39.12,38.013,39.0225,0.0
2017-01-06,39.118,39.972,38.924,39.7995,0.0
2017-01-09,39.9,40.0885,39.5885,39.846,0.0
2017-01-10,39.83,39.9,39.477,39.795,0.0
2017-01-11,39.683,39.975,39.4755,39.951,0.0
2017-01-12,40.0155,40.7065,39.975,40.682,0.0
2017-01-13,40.716,41.0825,40.57,40.857,0.0
2017-01-17,40.785,40.8,40.172,40.486,0.0
2017-01-18,40.475,40.5865,40.2135,40.374,0.0
2017-01-19,40.5,40.6755,40.366,40.452,0.0
2017-01-20,40.764,40.801,40.313,40.4165,0.0
2017-01-23,40.34,40.925,40.254,40.894,0.0
2017-01-24,41.1,41.1995,40.725,41.122,0.0
2017-01-25,41.2895,41.871,41.2645,41.826,0.0
2017-01-26,41.7765,42.192,41.65,41.9575,0.0
2017-01-27,41.95,41.985,41.472,41.7885,0.0
2017-01-30,41.65,41.675,40.819,41.519,0.0
2017-01-31,41.1875,41.3495,40.978,41.174,0.0
2017-02-01,41.4605,41.689,41.247,41.6175,0.0
2017-02-02,41.8295,42.1245,41.413,41.9975,0.0
2017-02-03,40.336,40.915,40.2,40.51,0.0
2017-02-06,40.49,40.536,40.15,40.382,0.0
2017-02-07,40.4655,40.808,40.375,40.625,0.0
2017-02-08,40.6345,41.074,40.625,40.9855,0.0
2017-02-09,41.08,41.25,40.9855,41.068,0.0
2017-02-10,41.191,41.4,41.1425,41.373,0.0
2017-02-13,41.581,42.15,41.4275,41.8265,0.0
2017-02-14,41.85,41.9155,41.5725,41.8195,0.0
2017-02-15,41.7,42.1405,41.641,42.135,0.0
2017-02-16,42.092,42.25,41.969,42.207,0.0
2017-02-17,42.1,42.3635,42.0365,42.2535,0.0
2017-02-21,42.442,42.899,42.3625,42.822,0.0
2017-02-22,42.8475,42.9215,42.609,42.7805,0.0
2017-02-23,42.8785,43.043,42.4,42.6095,0.0
2017-02-24,42.2345,42.2905,41.8875,42.262,0.0
2017-02-27,42.119,42.625,41.9835,42.432,0.0
2017-02-28,42.5725,42.7045,42.1025,42.252,0.0
2017-03-01,42.6525,42.7415,42.4505,42.654,0.0
2017-03-02,42.654,42.741,42.364,42.4455,0.0
2017-03-03,42.36,42.5995,42.3135,42.494,0.0
2017-03-06,42.2615,42.4245,42.056,42.3305,0.0
2017-03-07,42.274,42.423,42.1875,42.301,0.0
2017-03-08,42.4,42.6535,42.3395,42.525,0.0
2017-03-09,42.55,42.82,42.5155,42.65,0.0
2017-03-10,42.85,42.8675,42.586,42.623,0.0
2017-03-13,42.5885,42.7845,42.5855,42.7295,0.0
2017-03-14,42.6775,42.6875,42.3775,42.6265,0.0
2017-03-15,42.7165,42.7225,42.3555,42.6485,0.0
2017-03-16,42.765,42.775,42.5255,42.671,0.0
2017-03-17,42.6745,42.6915,42.532,42.6155,0.0
2017-03-20,42.5755,42.89,42.5505,42.8485,0.0
2017-03-21,42.942,43.14,42.0655,42.16,0.0
2017-03-22,42.0215,42.4685,41.9525,42.403,0.0
2017-03-23,42.41,42.5445,42.24,42.369,0.0
2017-03-24,42.584,42.59,42.1765,42.2805,0.0
2017-03-27,41.9035,42.515,41.675,42.341,0.0
2017-03-28,42.5875,42.923,42.505,42.8,0.0
2017-03-29,42.9525,43.822,42.951,43.716,0.0
2017-03-30,43.7475,43.853,43.583,43.817,0.0
2017-03-31,43.85,44.5175,43.8325,44.327,0.0
2017-04-03,44.4,44.6745,44.271,44.5755,0.0
2017-04-04,44.575,45.427,44.514,45.3415,0.0
2017-04-05,45.541,46.186,45.281,45.464,0.0
2017-04-06,45.69,45.8595,44.7245,44.914,0.0
2017-04-07,44.9825,45.0045,44.4655,44.744,0.0
2017-04-10,44.9815,45.4255,44.95,45.352,0.0
2017-04-11,45.352,45.562,44.875,45.118,0.0
2017-04-12,45.1545,45.2045,44.7625,44.8115,0.0
2017-04-13,44.5725,44.7485,44.2245,44.2335,0.0
2017-04-17,44.375,45.119,44.375,45.0995,0.0
2017-04-18,45.0495,45.4805,45.039,45.189,0.0
2017-04-19,45.392,45.525,44.8685,44.96,0.0
2017-04-20,44.985,45.266,44.8145,45.103,0.0
2017-04-21,45.1335,45.1825,44.8385,44.9265,0.0
2017-04-24,45.434,45.4995,45.191,45.3705,0.0
2017-04-25,45.352,45.474,45.15,45.381,0.0
2017-04-26,45.515,45.7875,45.378,45.4645,0.0
2017-04-27,45.7195,46.093,45.6055,45.919,0.0
2017-04-28,47.4415,47.4795,46.2165,46.2495,0.0
2017-05-01,46.39,47.72,46.39,47.4115,0.0
2017-05-02,47.3325,47.505,47.0705,47.347,0.0
2017-05-03,47.3,47.3,46.795,47.0515,0.0
2017-05-04,47.2375,47.25,46.711,46.8765,0.0
2017-05-05,47.026,47.0395,46.515,46.7075,0.0
2017-05-08,47.0475,47.4525,46.9605,47.452,0.0
2017-05-09,47.64,47.8945,47.51,47.641,0.0
2017-05-10,47.675,47.6875,47.25,47.4475,0.0
2017-05-11,47.2555,47.5145,47.039,47.381,0.0
2017-05-12,47.725,48.1395,47.5765,48.0675,0.0
2017-05-15,47.9365,48.1575,47.803,47.8985,0.0
2017-05-16,48.05,48.503,48.0455,48.3035,0.0
2017-05-17,47.735,48.02,47.206,47.238,0.0
2017-05-18,47.24,48.1375,47.238,47.9245,0.0
2017-05-19,48.142,48.446,47.986,47.992,0.0
2017-05-22,48.2,48.569,48.145,48.5335,0.0
2017-05-23,48.751,48.76,48.3425,48.577,0.0
2017-05-24,48.8,49.05,48.5115,49.0175,0.0
2017-05-25,49.2425,49.95,49.1055,49.669,0.0
2017-05-26,49.75,49.9325,49.4625,49.789,0.0
2017-05-30,49.8255,50.06,49.776,49.835,0.0
2017-05-31,50.0,50.006,49.108,49.731,0.0
2017-06-01,49.9295,49.9495,49.5685,49.7975,0.0
2017-06-02,49.9495,50.424,49.7835,50.3365,0.0
2017-06-05,50.3615,50.6605,50.1755,50.567,0.0
2017-06-06,50.6,50.825,50.0625,50.15,0.0
2017-06-07,50.2975,50.5125,50.1,50.5035,0.0
2017-06-08,50.603,50.6805,50.3055,50.5135,0.0
2017-06-09,50.625,50.6495,46.35,48.9155,0.0
2017-06-12,48.35,48.7975,47.25,48.2455,0.0
2017-06-13,48.8995,49.225,48.305,49.0395,0.0
2017-06-14,49.4295,49.517,48.3355,48.8235,0.0
2017-06-15,47.935,48.2865,47.543,48.2085,0.0
2017-06-16,49.8,49.9875,49.1,49.3855,0.0
2017-06-19,50.85,50.85,49.495,49.7585,0.0
2017-06-20,49.9,50.244,49.601,49.6295,0.0
2017-06-21,49.935,50.136,49.6325,50.1115,0.0
2017-06-22,50.1115,50.348,49.86,50.065,0.0
2017-06-23,50.127,50.231,49.901,50.187,0.0
2017-06-26,50.425,50.49,49.6,49.699,0.0
2017-06-27,49.5345,49.94,48.8,48.839,0.0
2017-06-28,48.9275,49.534,48.4605,49.5165,0.0
2017-06-29,48.95,49.378,48.2625,48.7965,0.0
2017-06-30,49.006,49.1735,48.3805,48.4,0.0
2017-07-03,48.6395,48.7245,47.55,47.683,0.0
2017-07-05,48.0765,48.75,47.7625,48.57,0.0
2017-07-06,48.233,48.72,47.951,48.257,0.0
2017-07-07,48.4775,49.0055,48.457,48.938,0.0
2017-07-10,49.25,49.972,49.175,49.8235,0.0
2017-07-11,49.65,49.7995,49.186,49.7065,0.0
2017-07-12,50.0325,50.4275,49.905,50.3255,0.0
2017-07-13,50.231,50.344,49.795,50.0315,0.0
2017-07-14,50.12,50.2225,49.8445,50.0905,0.0
2017-07-17,50.2345,50.7375,50.1905,50.502,0.0
2017-07-18,50.3,51.3015,50.2,51.2225,0.0
2017-07-19,51.25,51.5795,51.125,51.3435,0.0
2017-07-20,51.5795,51.7485,51.126,51.435,0.0
2017-07-21,51.064,51.305,50.55,51.2835,0.0
2017-07-24,51.417,52.1505,51.3715,51.9475,0.0
2017-07-25,51.9025,52.1665,51.624,51.9935,0.0
2017-07-26,52.16,52.66,52.16,52.64,0.0
2017-07-27,53.4775,54.1655,52.009,52.3,0.0
2017-07-28,50.607,51.6425,50.05,51.002,0.0
2017-07-31,50.9525,50.9525,49.351,49.389,0.0
2017-08-01,49.8055,50.32,49.579,49.8095,0.0
2017-08-02,50.0885,50.1605,49.0865,49.7945,0.0
2017-08-03,49.9735,49.975,49.2295,49.346,0.0
2017-08-04,49.484,49.5835,49.1,49.379,0.0
2017-08-07,49.5325,49.75,49.357,49.6135,0.0
2017-08-08,49.7175,49.814,49.2895,49.492,0.0
2017-08-09,49.13,49.4,48.7635,49.1005,0.0
2017-08-10,48.815,48.993,47.734,47.846,0.0
2017-08-11,48.0,48.5195,47.569,48.3995,0.0
2017-08-14,48.9205,49.275,48.8095,49.165,0.0
2017-08-15,49.445,49.587,49.1,49.137,0.0
2017-08-16,49.0825,49.323,48.661,48.909,0.0
2017-08-17,48.892,48.892,48.016,48.0285,0.0
2017-08-18,48.07,48.2715,47.7325,47.9235,0.0
2017-08-21,47.8785,48.06,47.273,47.6645,0.0
2017-08-22,47.776,48.3965,47.775,48.345,0.0
2017-08-23,47.969,48.1,47.71,47.9,0.0
2017-08-24,47.871,47.95,47.057,47.6225,0.0
2017-08-25,47.8,47.881,47.205,47.263,0.0
2017-08-28,47.327,47.65,47.1125,47.301,0.0
2017-08-29,47.0,47.8,46.8165,47.703,0.0
2017-08-30,47.922,48.4705,47.8455,48.3795,0.0
2017-08-31,48.735,49.05,48.638,49.03,0.0
2017-09-01,49.21,49.225,48.844,48.9125,0.0
2017-09-05,48.77,48.8385,48.0185,48.2635,0.0
2017-09-06,48.416,48.592,48.03,48.39,0.0
2017-09-07,48.7,49.0295,48.6275,48.9735,0.0
2017-09-08,48.955,48.994,48.1735,48.295,0.0
2017-09-11,48.723,49.097,48.711,48.898,0.0
2017-09-12,49.1635,49.2335,48.776,49.129,0.0
2017-09-13,49.1985,50.0,48.971,49.98,0.0
2017-09-14,49.84,49.928,49.387,49.6105,0.0
2017-09-15,49.6505,49.8125,49.2015,49.3395,0.0
2017-09-18,49.52,49.6395,48.4085,48.7095,0.0
2017-09-19,48.8625,48.912,48.373,48.493,0.0
2017-09-20,48.5895,48.7405,48.108,48.6605,0.0
2017-09-21,48.5655,48.585,48.101,48.2325,0.0
2017-09-22,48.0505,48.2805,47.721,47.755,0.0
2017-09-25,47.4655,47.471,46.6445,46.9895,0.0
2017-09-26,47.2745,47.4315,46.5875,46.93,0.0
2017-09-27,47.4,47.765,47.165,47.5435,0.0
2017-09-28,47.593,47.985,47.505,47.82,0.0
2017-09-29,48.0055,48.2415,47.919,48.0675,0.0
2017-10-02,48.2,48.3655,47.606,47.9595,0.0
2017-10-03,47.9,48.1845,47.5185,47.855,0.0
2017-10-04,47.7105,48.3895,47.7025,48.2725,0.0
2017-10-05,48.5,49.0755,48.482,49.0425,0.0
2017-10-06,48.782,49.7875,48.782,49.479,0.0
2017-10-09,49.662,49.925,49.375,49.5495,0.0
2017-10-10,49.8335,49.8975,49.005,49.36,0.0
2017-10-11,49.5635,49.775,49.335,49.75,0.0
2017-10-12,49.8405,50.422,49.62,50.0465,0.0
2017-10-13,50.35,50.3885,50.0515,50.147,0.0
2017-10-16,50.422,50.4785,50.052,50.317,0.0
2017-10-17,50.2795,50.5735,50.219,50.4565,0.0
2017-10-18,50.4635,51.1155,49.8275,49.85,0.0
2017-10-19,49.5,49.5525,49.012,49.3305,0.0
2017-10-20,49.6765,49.731,49.1,49.1455,0.0
2017-10-23,49.3365,49.339,48.125,48.315,0.0
2017-10-24,48.45,48.9925,48.25,48.795,0.0
2017-10-25,48.9,49.222,48.312,48.6455,0.0
2017-10-26,49.0165,49.145,48.4275,48.6215,0.0
2017-10-27,52.907,55.279,52.5275,55.0475,0.0
2017-10-30,54.7505,56.1395,54.678,55.5425,0.0
2017-10-31,55.45,55.527,55.056,55.264,0.0
2017-11-01,55.27,55.4485,54.837,55.184,0.0
2017-11-02,54.8905,55.097,54.3435,54.711,0.0
2017-11-03,54.5575,55.634,54.426,55.58,0.0
2017-11-06,55.4575,56.2705,55.4385,56.033,0.0
2017-11-07,56.237,56.53,55.875,56.1585,0.0
2017-11-08,56.141,56.777,55.9555,56.644,0.0
2017-11-09,56.298,56.481,55.7885,56.4565,0.0
2017-11-10,56.305,56.5875,56.203,56.2675,0.0
2017-11-13,56.15,56.995,56.117,56.4585,0.0
2017-11-14,56.5055,56.9,56.1945,56.842,0.0
2017-11-15,56.3505,56.5875,56.0815,56.3345,0.0
2017-11-16,56.508,56.908,56.5025,56.8645,0.0
2017-11-17,56.914,56.94,56.2905,56.494,0.0
2017-11-20,56.4885,56.671,56.1275,56.3155,0.0
2017-11-21,56.643,57.0,56.41,56.9745,0.0
2017-11-22,57.05,58.0135,57.05,57.808,0.0
2017-11-24,58.035,59.342,58.035,59.3,0.0
2017-11-27,60.133,60.6705,59.5575,59.7915,0.0
2017-11-28,60.244,60.267,59.426,59.68,0.0
2017-11-29,59.74,59.74,57.2595,58.0635,0.0
2017-11-30,58.355,58.9285,58.0,58.8375,0.0
2017-12-01,58.6025,58.9825,57.6,58.1175,0.0
2017-12-04,58.6925,58.76,56.4,56.6975,0.0
2017-12-05,56.413,57.9635,56.237,57.0785,0.0
2017-12-06,56.8995,57.7945,56.804,57.6175,0.0
2017-12-07,57.8295,58.1595,57.55,57.9895,0.0
2017-12-08,58.52,58.6395,57.855,58.1,0.0
2017-12-11,58.23,58.495,57.85,58.446,0.0
2017-12-12,58.3255,58.68,58.0805,58.254,0.0
2017-12-13,58.5,58.5435,58.0135,58.2065,0.0
2017-12-14,58.1855,58.8965,58.1225,58.713,0.0
2017-12-15,58.9515,59.1375,58.4665,58.957,0.0
2017-12-18,59.3685,59.739,59.0455,59.529,0.0
2017-12-19,59.4575,59.6485,58.957,59.369,0.0
2017-12-20,59.525,59.55,58.8,58.881,0.0
2017-12-21,58.795,58.9585,58.382,58.738,0.0
2017-12-22,58.604,58.731,58.3915,58.418,0.0
2017-12-26,58.418,58.916,58.0275,58.838,0.0
2017-12-27,58.9955,59.3645,58.7805,59.113,0.0
2017-12-28,59.45,59.505,59.219,59.305,0.0
2017-12-29,59.1175,59.2,58.375,58.4735,0.0
2018-01-02,58.6,59.5,58.5255,59.4505,0.0
2018-01-03,59.415,60.2745,59.415,60.21,0.0
2018-01-04,60.25,60.7935,60.233,60.4795,0.0
2018-01-05,60.8755,61.457,60.5,61.457,0.0
2018-01-08,61.8,62.654,61.6015,62.3435,0.0
2018-01-09,62.845,62.9665,62.088,62.635,0.0
2018-01-10,62.2575,62.7165,61.8615,62.7165,0.0
2018-01-11,62.987,63.8385,62.823,63.834,0.0
2018-01-12,63.6695,65.288,63.6695,65.26,0.0
2018-01-16,66.15,66.997,64.615,65.243,0.0
2018-01-17,65.612,65.7,64.044,64.75,0.0
2018-01-18,64.6975,65.23,64.201,64.666,0.0
2018-01-19,65.6,65.65,64.6495,64.729,0.0
2018-01-22,64.8585,66.3725,64.833,66.3655,0.0
2018-01-23,66.9045,68.245,66.867,68.127,0.0
2018-01-24,68.741,69.408,66.9,67.8755,0.0
2018-01-25,68.4,68.917,67.881,68.8975,0.0
2018-01-26,69.6005,70.1265,69.0455,70.1025,0.0
2018-01-29,70.459,71.5695,70.022,70.884,0.0
2018-01-30,70.1585,71.9625,69.6,71.891,0.0
2018-01-31,72.565,73.629,72.502,72.5445,0.0
2018-02-01,72.25,72.994,69.257,69.5,0.0
2018-02-02,73.8695,74.9,70.7,71.4975,0.0
2018-02-05,70.131,72.949,66.036,69.5,0.0
2018-02-06,68.073,72.1995,67.5895,72.142,0.0
2018-02-07,72.45,73.0495,70.7575,70.839,0.0
2018-02-08,71.484,71.6875,67.497,67.525,0.0
2018-02-09,68.6745,69.175,63.2965,66.98,0.0
2018-02-12,68.2335,69.6905,67.2005,69.3115,0.0
2018-02-13,69.2965,70.986,69.1765,70.7255,0.0
2018-02-14,70.3125,72.603,70.168,72.5525,0.0
2018-02-15,73.3445,73.447,71.842,73.088,0.0
2018-02-16,72.8685,73.29,72.328,72.4345,0.0
2018-02-20,72.3245,74.4385,72.3245,73.4175,0.0
2018-02-21,74.25,75.1745,73.946,74.146,0.0
2018-02-22,74.768,75.127,73.788,74.267,0.0
2018-02-23,74.767,75.0,74.325,75.0,0.0
2018-02-26,75.46,76.142,75.35,76.0975,0.0
2018-02-27,76.225,76.339,75.3605,75.599,0.0
2018-02-28,75.9755,76.435,75.6,75.6225,0.0
2018-03-01,75.68,75.9245,73.25,74.6725,0.0
2018-03-02,73.455,75.0525,72.7505,75.0125,0.0
2018-03-05,74.712,76.269,74.05,76.1805,0.0
2018-03-06,76.66,77.1065,76.4,76.882,0.0
2018-03-07,76.326,77.295,76.1255,77.25,0.0
2018-03-08,77.5,77.744,77.2625,77.593,0.0
2018-03-09,78.175,78.947,77.954,78.9445,0.0
2018-03-12,79.63,80.2665,79.335,79.9195,0.0
2018-03-13,80.798,80.877,78.9005,79.409,0.0
2018-03-14,79.85,80.322,79.5445,79.55,0.0
2018-03-15,79.75,79.8455,78.9055,79.116,0.0
2018-03-16,79.1725,79.472,78.375,78.584,0.0
2018-03-19,77.7265,78.083,76.2675,77.2465,0.0
2018-03-20,77.517,79.35,77.2705,79.3255,0.0
2018-03-21,79.3225,79.5,78.1585,79.093,0.0
2018-03-22,78.2735,78.6925,77.12,77.246,0.0
2018-03-23,76.9505,77.451,74.768,74.778,0.0
2018-03-26,76.5,77.8495,74.9625,77.793,0.0
2018-03-27,78.62,78.7985,74.116,74.8525,0.0
2018-03-28,72.35,72.795,69.3085,71.571,0.0
2018-03-29,70.3,72.7735,68.26,72.367,0.0
2018-04-02,70.881,71.068,67.75,68.5995,0.0
2018-04-03,69.569,70.7,67.7665,69.6025,0.0
2018-04-04,67.912,70.7695,67.644,70.5285,0.0
2018-04-05,72.0995,72.978,71.3535,72.5875,0.0
2018-04-06,71.4985,72.625,70.013,70.2615,0.0
2018-04-09,71.2515,71.924,70.1285,70.304,0.0
2018-04-10,71.5995,71.919,70.785,71.811,0.0
2018-04-11,71.972,72.439,71.2445,71.3525,0.0
2018-04-12,71.975,72.606,71.753,72.425,0.0
2018-04-13,72.457,72.989,71.226,71.5395,0.0
2018-04-16,72.25,72.35,71.374,72.075,0.0
2018-04-17,73.115,75.3595,72.851,75.1915,0.0
2018-04-18,75.7325,76.69,75.2055,76.392,0.0
2018-04-19,77.161,78.426,76.953,77.8455,0.0
2018-04-20,78.06,78.06,75.8045,76.3745,0.0
2018-04-23,77.3345,77.4,75.1705,75.893,0.0
2018-04-24,76.79,76.975,72.4225,73.0045,0.0
2018-04-25,72.9,73.4995,70.751,73.0085,0.0
2018-04-26,74.2505,76.471,73.925,75.898,0.0
2018-04-27,81.7005,81.905,78.3695,78.631,0.0
2018-04-30,79.125,79.8,78.047,78.3065,0.0
2018-05-01,78.161,79.25,77.609,79.113,0.0
2018-05-02,79.049,79.425,78.318,78.484,0.0
2018-05-03,78.0005,78.74,77.301,78.604,0.0
2018-05-04,78.1225,79.245,78.1095,79.0475,0.0
2018-05-07,79.467,80.3475,79.3915,80.007,0.0
2018-05-08,79.75,79.844,79.1255,79.6195,0.0
2018-05-09,80.0,80.4,79.6,80.4,0.0
2018-05-10,80.424,80.78,80.172,80.454,0.0
2018-05-11,80.5495,80.555,79.8945,80.1455,0.0
2018-05-14,80.2,80.559,80.0025,80.077,0.0
2018-05-15,79.39,79.39,78.261,78.806,0.0
2018-05-16,78.875,79.7215,78.8335,79.364,0.0
2018-05-17,79.028,79.702,78.65,79.088,0.0
2018-05-18,79.0665,79.1795,78.605,78.7185,0.0
2018-05-21,79.25,79.6025,78.75,79.273,0.0
2018-05-22,79.4945,79.4945,78.7625,79.07,0.0
2018-05-23,78.5525,80.093,78.317,80.093,0.0
2018-05-24,79.9015,80.412,79.419,80.1535,0.0
2018-05-25,80.15,80.706,80.0225,80.5075,0.0
2018-05-29,80.0355,81.0895,80.0075,80.6435,0.0
2018-05-30,80.905,81.3,80.6465,81.2445,0.0
2018-05-31,81.15,81.75,81.0675,81.481,0.0
2018-06-01,81.8515,82.3365,81.7545,82.077,0.0
2018-06-04,82.445,83.284,82.2745,83.2635,0.0
2018-06-05,83.6495,84.95,83.503,84.8175,0.0
2018-06-06,85.2255,85.725,84.3235,84.7875,0.0
2018-06-07,84.928,84.995,83.8055,84.465,0.0
2018-06-08,84.056,84.472,83.6505,84.1995,0.0
2018-06-11,84.0755,84.712,84.0295,84.456,0.0
2018-06-12,84.65,84.9755,84.576,84.9375,0.0
2018-06-13,85.1405,85.6875,85.006,85.243,0.0
2018-06-14,85.674,86.24,85.4435,86.193,0.0
2018-06-15,85.7,86.0435,85.426,85.7985,0.0
2018-06-18,85.313,86.337,85.128,86.1895,0.0
2018-06-19,85.452,86.8055,85.0195,86.739,0.0
2018-06-20,87.125,88.1465,87.068,87.504,0.0
2018-06-21,88.0,88.155,85.878,86.511,0.0
2018-06-22,87.131,87.15,85.595,85.7835,0.0
2018-06-25,85.1255,85.25,82.3155,83.1575,0.0
2018-06-26,83.6185,85.0785,83.167,84.5545,0.0
2018-06-27,85.4055,85.5975,83.0,83.0255,0.0
2018-06-28,83.627,85.275,83.0585,85.0725,0.0
2018-06-29,85.85,86.1705,84.716,84.99,0.0
2018-07-02,84.135,85.6945,83.903,85.689,0.0
2018-07-03,86.198,86.25,84.624,84.698,0.0
2018-07-05,85.269,85.5345,84.1075,84.9865,0.0
2018-07-06,84.8,85.7635,84.5835,85.5315,0.0
2018-07-09,86.2025,86.978,85.8115,86.951,0.0
2018-07-10,86.9265,87.5,86.55,87.1535,0.0
2018-07-11,86.8995,87.848,86.7,87.75,0.0
2018-07-12,88.2255,89.9,88.109,89.831,0.0
2018-07-13,90.1965,90.765,89.7615,90.6515,0.0
2018-07-16,91.0975,92.0975,90.7225,91.1245,0.0
2018-07-17,90.578,92.5845,89.869,92.1965,0.0
2018-07-18,92.4,92.944,91.5635,92.146,0.0
2018-07-19,91.473,92.05,90.5635,90.6485,0.0
2018-07-20,91.2505,91.742,90.503,90.685,0.0
2018-07-23,90.6105,90.95,88.4995,90.1,0.0
2018-07-24,91.4505,92.0,90.469,91.462,0.0
2018-07-25,91.465,93.192,91.132,93.1805,0.0
2018-07-26,91.95,92.234,90.225,90.4,0.0
2018-07-27,93.8025,94.0025,90.3265,90.8635,0.0
2018-07-30,91.3665,91.475,88.301,88.961,0.0
2018-07-31,89.3245,90.0915,86.966,88.872,0.0
2018-08-01,89.2,89.922,88.801,89.8585,0.0
2018-08-02,89.4385,91.828,89.3,91.7165,0.0
2018-08-03,91.887,92.05,91.075,91.1645,0.0
2018-08-06,91.2905,92.3885,90.946,92.3875,0.0
2018-08-07,92.7265,93.486,92.3135,93.124,0.0
2018-08-08,93.05,94.5755,92.725,94.326,0.0
2018-08-09,94.1,95.7285,93.874,94.926,0.0
2018-08-10,94.4255,94.975,93.9105,94.315,0.0
2018-08-13,94.925,96.25,94.6835,94.81,0.0
2018-08-14,95.9695,96.0505,95.0,95.9825,0.0
2018-08-15,95.4775,95.8105,93.4895,94.131,0.0
2018-08-16,95.197,95.25,94.1775,94.326,0.0
2018-08-17,94.29,94.4,92.7775,94.111,0.0
2018-08-20,94.5285,94.5875,93.303,93.8355,0.0
2018-08-21,94.0,94.8875,93.7205,94.171,0.0
2018-08-22,93.832,95.29,93.832,95.245,0.0
2018-08-23,95.3585,95.975,95.038,95.145,0.0
2018-08-24,95.5255,95.8005,95.127,95.2695,0.0
2018-08-27,95.75,96.385,95.464,96.384,0.0
2018-08-28,96.8865,97.089,96.441,96.641,0.0
2018-08-29,97.6725,99.9345,97.447,99.905,0.0
2018-08-30,99.871,101.2785,99.345,100.119,0.0
2018-08-31,100.35,101.119,100.237,100.6355,0.0
2018-09-04,101.325,102.525,100.65,101.9755,0.0
2018-09-05,101.9055,102.019,99.4945,99.741,0.0
2018-09-06,100.3255,100.375,96.7605,97.9155,0.0
2018-09-07,96.9355,98.76,96.8675,97.6035,0.0
2018-09-10,98.55,98.652,96.576,96.9505,0.0
2018-09-11,96.4135,99.444,95.85,99.3575,0.0
2018-09-12,99.7,100.0,98.122,99.5,0.0
2018-09-13,100.0,100.438,99.1015,99.4935,0.0
2018-09-14,99.6465,99.6825,97.961,98.5095,0.0
2018-09-17,97.7365,97.841,94.3705,95.4015,0.0
2018-09-18,95.9325,97.91,95.772,97.0525,0.0
2018-09-19,97.025,97.0415,95.245,96.321,0.0
2018-09-20,96.929,97.75,96.6125,97.215,0.0
2018-09-21,97.711,97.8655,95.525,95.7505,0.0
2018-09-24,95.1895,96.844,93.25,96.718,0.0
2018-09-25,97.145,98.7955,96.9425,98.7275,0.0
2018-09-26,98.425,99.7625,98.076,98.7425,0.0
2018-09-27,99.662,100.808,99.429,100.649,0.0
2018-09-28,100.2205,101.326,99.823,100.15,0.0
2018-10-01,101.0995,101.6595,100.18,100.218,0.0
2018-10-02,99.9995,100.6695,98.2885,98.5655,0.0
2018-10-03,99.085,99.485,97.4905,97.638,0.0
2018-10-04,97.45,97.8,94.8285,95.471,0.0
2018-10-05,95.8995,96.454,93.1415,94.4825,0.0
2018-10-08,93.7,95.1,91.533,93.221,0.0
2018-10-09,92.9995,94.834,92.616,93.516,0.0
2018-10-10,92.8945,92.928,87.7205,87.7625,0.0
2018-10-11,86.2,87.77,84.255,85.968,0.0
2018-10-12,90.4,90.4475,87.1265,89.4305,0.0
2018-10-15,89.75,89.7525,86.7115,88.0475,0.0
2018-10-16,89.175,91.194,88.0775,90.998,0.0
2018-10-17,92.1395,92.25,90.35,91.5865,0.0
2018-10-18,91.0745,91.5075,88.3935,88.536,0.0
2018-10-19,89.258,90.455,87.65,88.2015,0.0
2018-10-22,89.2,90.475,87.8,89.465,0.0
2018-10-23,87.112,88.817,85.7,88.435,0.0
2018-10-24,88.685,88.8855,82.828,83.21,0.0
2018-10-25,85.167,89.7405,84.6005,89.1085,0.0
2018-10-26,82.4795,84.923,80.15,82.1405,0.0
2018-10-29,83.0,83.287,74.75,76.944,0.0
2018-10-30,74.308,77.0495,73.818,76.521,0.0
2018-10-31,78.4995,81.1955,78.2545,79.9005,0.0
2018-11-01,81.1765,83.5225,79.922,83.2765,0.0
2018-11-02,83.9295,84.872,82.5915,83.2765,0.0
2018-11-05,82.8785,82.9045,79.818,81.39,0.0
2018-11-06,80.9175,83.25,80.7275,82.1405,0.0
2018-11-07,83.65,87.9615,83.204,87.7745,0.0
2018-11-08,87.75,89.2,86.2555,87.7455,0.0
2018-11-09,86.625,87.196,85.0935,85.6215,0.0
2018-11-12,84.912,85.4275,81.5005,81.8425,0.0
2018-11-13,82.4645,83.853,80.6875,81.5585,0.0
2018-11-14,82.816,83.65,79.8535,79.9505,0.0
2018-11-15,79.0505,81.241,77.3255,80.972,0.0
2018-11-16,79.375,80.724,78.656,79.6705,0.0
2018-11-19,78.8505,79.0595,75.168,75.6145,0.0
2018-11-20,71.875,76.7375,71.0,74.773,0.0
2018-11-21,77.1495,77.5,75.75,75.8365,0.0
2018-11-23,75.85,76.81,75.0905,75.103,0.0
2018-11-26,76.95,79.2405,76.211,79.0665,0.0
2018-11-27,78.7995,79.8825,77.9005,79.071,0.0
2018-11-28,80.696,84.0725,80.061,83.8875,0.0
2018-11-29,83.7495,84.4995,82.6165,83.6785,0.0
2018-11-30,83.975,84.8,83.325,84.5085,0.0
2018-12-03,88.473,88.917,86.5,88.618,0.0
2018-12-04,87.8,88.517,83.25,83.42,0.0
2018-12-06,80.7435,85.0525,80.4925,84.9595,0.0
2018-12-07,85.2535,85.9465,81.273,81.4565,0.0
2018-12-10,81.192,82.8995,79.5435,82.0515,0.0
2018-12-11,83.9,83.9735,80.98,82.162,0.0
2018-12-12,83.45,85.2495,83.0135,83.177,0.0
2018-12-13,84.0,84.606,82.075,82.919,0.0
2018-12-14,81.9,82.1285,79.25,79.5955,0.0
2018-12-17,78.3,78.8065,75.2505,76.0455,0.0
2018-12-18,77.0,78.3775,76.1505,77.574,0.0
2018-12-19,77.1525,79.2265,74.159,74.754,0.0
2018-12-20,74.2,75.475,71.6345,73.0415,0.0
2018-12-21,73.2495,74.0,68.198,68.8725,0.0
2018-12-24,67.3,69.8015,65.35,67.198,0.0
2018-12-26,68.4445,73.658,68.1505,73.545,0.0
2018-12-27,72.71,73.45,69.5155,73.082,0.0
2018-12-28,73.6675,75.6735,72.45,73.901,0.0
2018-12-31,75.54,76.038,74.35,75.0985,0.0
2019-01-02,73.26,77.668,73.0465,76.9565,0.0
2019-01-03,76.0005,76.9,74.8555,75.014,0.0
2019-01-04,76.5,79.7,75.9155,78.7695,0.0
2019-01-07,80.1155,81.728,79.4595,81.4755,0.0
2019-01-08,83.2345,83.8305,80.8305,82.829,0.0
2019-01-09,82.649,83.39,82.07,82.971,0.0
2019-01-10,82.0505,83.1625,81.081,82.811,0.0
2019-01-11,82.0275,83.0145,81.811,82.028,0.0
2019-01-14,80.75,82.41,79.7575,80.8605,0.0
2019-01-15,81.6,83.758,81.3005,83.728,0.0
2019-01-16,84.211,85.25,83.794,84.189,0.0
2019-01-17,84.0,85.0085,83.875,84.661,0.0
2019-01-18,85.6,85.81,84.577,84.81,0.0
2019-01-22,84.05,84.0935,80.51,81.6085,0.0
2019-01-23,82.8,82.8715,80.6,82.001,0.0
2019-01-24,82.0535,82.863,81.589,82.7465,0.0
2019-01-25,83.525,84.174,83.0805,83.5285,0.0
2019-01-28,82.1795,82.25,80.7045,81.8945,0.0
2019-01-29,81.5635,81.619,79.536,79.694,0.0
2019-01-30,81.15,83.8475,80.984,83.5215,0.0
2019-01-31,84.6425,86.8205,83.954,85.9365,0.0
2019-02-01,81.944,83.653,81.1005,81.3115,0.0
2019-02-04,81.15,82.4815,80.675,81.6655,0.0
2019-02-05,82.167,83.263,82.125,82.9405,0.0
2019-02-06,83.5375,83.613,81.667,82.013,0.0
2019-02-07,81.25,81.277,79.6455,80.7185,0.0
2019-02-08,79.3,79.4295,78.338,79.411,0.0
2019-02-11,80.049,80.4645,79.3,79.55,0.0
2019-02-12,80.2,81.97,79.944,81.9005,0.0
2019-02-13,82.35,82.819,81.8555,82.0,0.0
2019-02-14,81.225,81.895,80.303,81.1325,0.0
2019-02-15,81.393,81.4455,80.225,80.3975,0.0
2019-02-19,80.05,81.7,80.028,81.379,0.0
2019-02-20,81.5,81.7465,80.506,81.105,0.0
2019-02-21,80.9925,81.178,80.0455,80.972,0.0
2019-02-22,81.175,81.747,81.0585,81.578,0.0
2019-02-25,82.0725,82.73,81.5195,81.65,0.0
2019-02-26,81.299,81.9995,80.8065,81.82,0.0
2019-02-27,81.409,82.0905,80.755,82.0545,0.0
2019-02-28,81.7625,82.5885,81.6915,81.9915,0.0
2019-03-01,82.7565,83.713,82.55,83.5865,0.0
2019-03-04,84.25,85.4715,83.718,84.8085,0.0
2019-03-05,85.1475,85.39,84.4505,84.6215,0.0
2019-03-06,84.7985,84.8875,83.414,83.4475,0.0
2019-03-07,83.3685,83.4875,81.0255,81.2975,0.0
2019-03-08,80.2005,81.136,79.3285,81.04,0.0
2019-03-11,81.306,83.6145,81.3005,83.531,0.0
2019-03-12,83.45,84.2135,83.049,83.655,0.0
2019-03-13,84.15,85.0,83.9675,84.5405,0.0
2019-03-14,84.56,85.1,84.217,84.311,0.0
2019-03-15,85.15,85.94,84.6565,85.618,0.0
2019-03-18,85.635,87.5,85.6315,87.1075,0.0
2019-03-19,87.6755,89.208,87.6755,88.0925,0.0
2019-03-20,88.497,89.975,88.3515,89.8635,0.0
2019-03-21,89.813,91.1875,89.364,90.963,0.0
2019-03-22,90.5085,90.949,88.1555,88.2385,0.0
2019-03-25,87.8895,89.134,87.375,88.713,0.0
2019-03-26,89.65,90.2885,88.668,89.188,0.0
2019-03-27,89.2065,89.375,87.284,88.285,0.0
2019-03-28,88.5,88.8965,87.6735,88.671,0.0
2019-03-29,89.329,89.643,88.8315,89.0375,0.0
2019-04-01,90.0055,90.7835,89.9365,90.7095,0.0
2019-04-02,90.551,91.0,90.256,90.699,0.0
2019-04-03,91.336,91.5,90.481,91.035,0.0
2019-04-04,91.0325,91.4375,90.21,90.943,0.0
2019-04-05,91.45,91.929,91.2595,91.864,0.0
2019-04-08,91.6615,92.51,91.2555,92.493,0.0
2019-04-09,92.2745,92.6545,91.589,91.792,0.0
2019-04-10,92.05,92.4,91.4405,92.3665,0.0
2019-04-11,92.435,92.4975,92.0155,92.2035,0.0
2019-04-12,92.42,92.575,92.065,92.153,0.0
2019-04-15,92.1,92.3425,90.945,92.2435,0.0
2019-04-16,92.5675,93.4885,92.4,93.152,0.0
2019-04-17,93.6495,93.8235,93.022,93.241,0.0
2019-04-18,93.4395,93.541,92.974,93.0845,0.0
2019-04-22,92.77,94.421,92.282,94.3655,0.0
2019-04-23,94.56,96.463,94.479,96.1885,0.0
2019-04-24,96.25,96.4845,94.908,95.0875,0.0
2019-04-25,95.85,96.1225,95.0155,95.1125,0.0
2019-04-26,96.45,97.55,94.9,97.5315,0.0
2019-04-29,97.45,97.817,96.7045,96.9215,0.0
2019-04-30,96.505,96.7855,95.3475,96.326,0.0
2019-05-01,96.6545,97.182,95.5275,95.576,0.0
2019-05-02,95.6665,96.0775,94.0935,95.041,0.0
2019-05-03,97.45,98.22,96.8,98.123,0.0
2019-05-06,95.899,97.95,95.525,97.5275,0.0
2019-05-07,96.9995,97.455,95.169,96.05,0.0
2019-05-08,95.9435,96.7685,95.5,95.8885,0.0
2019-05-09,95.0,95.47,93.8,94.9935,0.0
2019-05-10,94.9,95.1895,92.8,94.499,0.0
2019-05-13,91.828,92.327,90.9,91.134,0.0
2019-05-14,91.975,92.622,90.7875,92.006,0.0
2019-05-15,91.3975,93.7215,91.15,93.5575,0.0
2019-05-16,94.297,95.8755,94.1145,95.3785,0.0
2019-05-17,94.6525,95.5265,93.3665,93.45,0.0
2019-05-20,92.6345,93.389,91.777,92.9485,0.0
2019-05-21,93.7395,93.95,92.3,92.876,0.0
2019-05-22,92.589,93.5745,92.55,92.984,0.0
2019-05-23,91.8295,92.2,90.21,90.774,0.0
2019-05-24,91.7945,92.088,90.8925,91.164,0.0
2019-05-28,91.6375,92.4635,91.3675,91.8215,0.0
2019-05-29,91.156,91.5,90.3765,90.9595,0.0
2019-05-30,91.2745,91.4735,90.3915,90.816,0.0
2019-05-31,89.5005,89.7795,88.635,88.7535,0.0
2019-06-03,88.0005,88.3145,83.6,84.6345,0.0
2019-06-04,84.962,86.541,84.0445,86.478,0.0
2019-06-05,87.48,87.6,85.7625,86.925,0.0
2019-06-06,86.8855,88.0,86.3065,87.718,0.0
2019-06-07,88.185,90.3125,87.9745,90.2015,0.0
2019-06-10,91.1,94.2435,90.9,93.0315,0.0
2019-06-11,94.1625,94.685,92.9,93.185,0.0
2019-06-12,92.699,93.25,92.219,92.766,0.0
2019-06-13,93.336,94.1545,93.111,93.515,0.0
2019-06-14,93.2,93.8,92.95,93.4835,0.0
2019-06-17,93.825,94.7845,93.7725,94.3015,0.0
2019-06-18,95.0675,96.0835,94.9895,95.0685,0.0
2019-06-19,95.392,95.979,94.6235,95.4395,0.0
2019-06-20,96.6665,96.76,95.29,95.9095,0.0
2019-06-21,95.805,96.2975,95.379,95.565,0.0
2019-06-24,95.633,95.843,95.065,95.695,0.0
2019-06-25,95.592,95.8195,93.621,93.9135,0.0
2019-06-26,94.624,95.19,94.366,94.8915,0.0
2019-06-27,95.1,95.562,94.902,95.214,0.0
2019-06-28,95.455,95.647,94.2,94.6815,0.0
2019-07-01,96.149,96.491,95.733,96.1095,0.0
2019-07-02,95.969,96.7395,95.3315,96.7155,0.0
2019-07-03,96.7945,97.0795,96.525,96.95,0.0
2019-07-05,96.43,97.295,96.265,97.1455,0.0
2019-07-08,96.706,97.8,96.4125,97.616,0.0
2019-07-09,97.39,99.5005,97.174,99.415,0.0
2019-07-10,99.8255,101.247,99.77,100.8705,0.0
2019-07-11,101.281,101.79,99.765,100.0535,0.0
2019-07-12,100.4135,100.85,100.1935,100.55,0.0
2019-07-15,101.07,101.145,100.0775,101.0495,0.0
2019-07-16,100.529,101.316,100.061,100.495,0.0
2019-07-17,100.3525,100.6,99.6015,99.6015,0.0
2019-07-18,99.0005,99.375,97.5775,98.895,0.0
2019-07-19,99.5605,99.8,98.1115,98.226,0.0
2019-07-22,98.557,99.45,97.913,99.2815,0.0
2019-07-23,99.7995,99.8895,98.6565,99.7245,0.0
2019-07-24,98.465,100.065,98.2935,100.0405,0.0
2019-07-25,100.05,100.06,98.636,98.691,0.0
2019-07-26,97.1,97.545,96.2255,97.1525,0.0
2019-07-29,96.5,96.6115,94.527,95.6225,0.0
2019-07-30,94.556,95.4945,94.174,94.9265,0.0
2019-07-31,94.9055,94.9775,92.472,93.339,0.0
2019-08-01,93.586,94.896,92.2005,92.766,0.0
2019-08-02,92.2535,92.318,90.401,91.162,0.0
2019-08-05,88.511,89.4335,87.439,88.2565,0.0
2019-08-06,89.6115,89.6885,87.67,89.3915,0.0
2019-08-07,88.6995,89.9465,87.85,89.67,0.0
2019-08-08,90.3,91.713,89.9055,91.6445,0.0
2019-08-09,91.4475,91.5545,90.111,90.379,0.0
2019-08-12,89.7995,90.049,88.85,89.246,0.0
2019-08-13,89.15,91.587,89.0,91.217,0.0
2019-08-14,89.6505,89.7825,87.861,88.148,0.0
2019-08-15,89.0995,89.4,88.098,88.806,0.0
2019-08-16,89.6445,90.1455,89.2275,89.6285,0.0
2019-08-19,90.904,91.3,90.6305,90.806,0.0
2019-08-20,90.725,90.841,89.994,90.069,0.0
2019-08-21,90.9695,91.479,90.75,91.177,0.0
2019-08-22,91.4,91.4705,90.005,90.233,0.0
2019-08-23,89.6515,90.245,87.2615,87.481,0.0
2019-08-26,88.3455,88.5,87.1755,88.4435,0.0
2019-08-27,88.7865,88.97,87.334,88.0915,0.0
2019-08-28,87.75,88.393,87.2025,88.2125,0.0
2019-08-29,89.15,89.9275,88.8625,89.32,0.0
2019-08-30,89.8745,89.987,88.2285,88.8145,0.0
2019-09-03,88.5,90.04,88.4,89.492,0.0
2019-09-04,90.25,90.3815,89.8115,90.031,0.0
2019-09-05,91.0975,92.1,90.779,92.036,0.0
2019-09-06,91.911,92.0325,91.32,91.6755,0.0
2019-09-09,92.05,92.5,91.2305,91.5675,0.0
2019-09-10,91.1375,91.2905,90.267,91.0275,0.0
2019-09-11,90.607,91.671,90.454,91.1495,0.0
2019-09-12,91.8815,92.683,91.714,92.1775,0.0
2019-09-13,92.1005,92.306,91.7585,91.967,0.0
2019-09-16,91.201,91.2845,90.01,90.392,0.0
2019-09-17,90.354,91.1995,90.205,91.1275,0.0
2019-09-18,90.852,91.103,89.775,90.873,0.0
2019-09-19,91.051,91.6285,90.895,91.075,0.0
2019-09-20,91.0855,91.5315,89.046,89.708,0.0
2019-09-23,88.85,89.635,88.366,89.265,0.0
2019-09-24,89.5305,89.7855,86.7775,87.0805,0.0
2019-09-25,87.368,88.65,86.15,88.4165,0.0
2019-09-26,88.1395,88.1685,86.575,86.992,0.0
2019-09-27,87.4,87.456,85.691,86.2725,0.0
2019-09-30,86.3495,86.873,85.461,86.7955,0.0
2019-10-01,87.3,87.78,86.4205,86.7825,0.0
2019-10-02,86.387,86.4445,85.25,85.6615,0.0
2019-10-03,85.65,86.25,84.253,86.221,0.0
2019-10-04,86.301,87.029,85.9615,86.9825,0.0
2019-10-07,86.5815,87.3915,86.185,86.633,0.0
2019-10-08,86.1245,86.35,85.25,85.2755,0.0
2019-10-09,85.9805,86.4975,85.718,86.0995,0.0
2019-10-10,86.262,86.9145,85.6875,86.013,0.0
2019-10-11,87.146,87.2725,86.493,86.596,0.0
2019-10-14,86.4455,87.0945,86.1,86.8215,0.0
2019-10-15,87.107,88.8225,87.031,88.369,0.0
2019-10-16,88.6665,89.312,88.526,88.8715,0.0
2019-10-17,89.8245,89.9425,89.101,89.374,0.0
2019-10-18,89.39,89.699,87.46,87.8755,0.0
2019-10-21,88.483,89.294,88.25,89.283,0.0
2019-10-22,89.4075,89.489,88.1,88.2865,0.0
2019-10-23,88.065,88.5025,87.1,88.1085,0.0
2019-10-24,88.5545,89.417,88.0135,89.039,0.0
2019-10-25,84.8775,88.2105,84.75,88.0665,0.0
2019-10-28,87.403,88.935,87.125,88.854,0.0
2019-10-29,88.7405,88.85,87.7905,88.1355,0.0
2019-10-30,88.012,89.119,87.956,88.9995,0.0
2019-10-31,88.7995,89.6,88.574,88.833,0.0
2019-11-01,89.4005,89.8725,89.2605,89.572,0.0
2019-11-04,90.0505,90.753,90.0505,90.233,0.0
2019-11-05,90.458,90.5125,89.7,90.0855,0.0
2019-11-06,90.05,90.125,89.429,89.7885,0.0
2019-11-07,90.188,90.295,89.174,89.41,0.0
2019-11-08,89.3945,89.494,88.702,89.294,0.0
2019-11-11,88.9,89.0,88.3565,88.5825,0.0
2019-11-12,88.733,89.311,88.5955,88.9,0.0
2019-11-13,88.6695,88.75,87.366,87.6555,0.0
2019-11-14,87.5715,88.3295,87.478,87.73,0.0
2019-11-15,88.0025,88.084,86.643,86.9745,0.0
2019-11-18,86.915,87.685,86.1355,87.6265,0.0
2019-11-19,87.8495,88.034,87.1515,87.6395,0.0
2019-11-20,87.457,88.126,86.706,87.2765,0.0
2019-11-21,87.15,87.3435,86.518,86.7355,0.0
2019-11-22,86.951,87.3215,86.55,87.286,0.0
2019-11-25,87.6625,88.871,87.662,88.692,0.0
2019-11-26,88.996,89.8515,88.9175,89.847,0.0
2019-11-27,90.05,91.225,89.8655,90.9255,0.0
2019-11-29,90.889,91.2345,90.0395,90.04,0.0
2019-12-02,90.22,90.2775,88.134,89.08,0.0
2019-12-03,88.0,88.6435,87.3615,88.498,0.0
2019-12-04,88.7005,89.4545,88.011,88.0345,0.0
2019-12-05,88.175,88.175,87.0,87.024,0.0
2019-12-06,87.56,87.72,87.0065,87.58,0.0
2019-12-09,87.533,88.3445,87.2805,87.4755,0.0
2019-12-10,87.37,87.5335,86.75,86.9605,0.0
2019-12-11,87.0835,87.5,86.7855,87.436,0.0
2019-12-12,87.5,88.2,87.272,88.0165,0.0
2019-12-13,88.25,88.4495,87.75,88.047,0.0
2019-12-16,88.35,88.475,87.8525,88.4605,0.0
2019-12-17,88.9005,89.6,88.8695,89.533,0.0
2019-12-18,89.751,89.91,89.118,89.2015,0.0
2019-12-19,89.025,89.6495,88.703,89.614,0.0
2019-12-20,89.981,90.1485,89.1225,89.325,0.0
2019-12-23,89.413,89.65,89.2255,89.65,0.0
2019-12-24,89.6905,89.7785,89.379,89.4605,0.0
2019-12-26,90.0505,93.523,89.975,93.4385,0.0
2019-12-27,94.146,95.07,93.3005,93.49,0.0
2019-12-30,93.7,94.2,92.031,92.3445,0.0
2019-12-31,92.1,92.663,91.6115,92.392,0.0
2020-01-02,93.75,94.9005,93.2075,94.9005,0.0
2020-01-03,93.225,94.31,93.225,93.7485,0.0
2020-01-06,93.0,95.1845,93.0,95.144,0.0
2020-01-07,95.225,95.6945,94.602,95.343,0.0
2020-01-08,94.902,95.55,94.322,94.5985,0.0
2020-01-09,95.4945,95.891,94.79,95.0525,0.0
2020-01-10,95.2685,95.347,94.0,94.158,0.0
2020-01-13,94.5655,94.9,94.04,94.565,0.0
2020-01-14,94.294,94.3555,92.9275,93.472,0.0
2020-01-15,93.6125,93.943,92.7545,93.101,0.0
2020-01-16,94.1495,94.2795,93.301,93.897,0.0
2020-01-17,94.2945,94.332,92.8625,93.236,0.0
2020-01-21,93.25,94.7135,93.0,94.6,0.0
2020-01-22,94.8045,95.125,94.167,94.373,0.0
2020-01-23,94.2555,94.499,93.638,94.229,0.0
2020-01-24,94.5685,94.7495,92.372,93.082,0.0
2020-01-27,91.0,92.05,90.767,91.417,0.0
2020-01-28,92.025,92.9055,91.501,92.6625,0.0
2020-01-29,93.2,93.7375,92.751,92.9,0.0
2020-01-30,92.9,93.6435,92.5305,93.534,0.0
2020-01-31,102.5735,102.786,100.1135,100.436,0.0
2020-02-03,100.53,102.425,100.0125,100.21,0.0
2020-02-04,101.494,102.99,100.7685,102.4835,0.0
2020-02-05,103.551,103.551,101.6,101.9935,0.0
2020-02-06,102.051,102.815,101.24,102.5115,0.0
2020-02-07,102.0995,104.9265,101.905,103.964,0.0
2020-02-10,104.2505,106.78,104.248,106.6955,0.0
2020-02-11,107.545,109.2975,106.8,107.54,0.0
2020-02-12,108.16,109.0125,107.7645,108.0,0.0
2020-02-13,107.2495,108.514,107.1,107.4935,0.0
2020-02-14,107.784,107.952,106.2945,106.7435,0.0
2020-02-18,106.251,108.3035,106.2055,107.7835,0.0
2020-02-19,108.39,109.255,108.056,108.511,0.0
2020-02-20,108.6535,108.8395,106.3725,107.655,0.0
2020-02-21,107.1075,107.2275,104.4,104.7985,0.0
2020-02-24,100.159,101.965,99.3985,100.4645,0.0
2020-02-25,101.321,101.73,97.921,98.637,0.0
2020-02-26,98.514,100.7335,98.0225,98.9795,0.0
2020-02-27,96.719,98.75,94.138,94.215,0.0
2020-02-28,90.7315,94.488,90.5565,94.1875,0.0
2020-03-02,95.3245,97.7255,93.5,97.6975,0.0
2020-03-03,98.7685,99.8165,94.4045,95.4495,0.0
2020-03-04,97.3285,98.9,96.1,98.7915,0.0
2020-03-05,96.65,98.036,95.5,96.2015,0.0
2020-03-06,93.75,95.5435,93.475,95.0545,0.0
2020-03-09,88.693,93.1385,88.0645,90.0305,0.0
2020-03-10,93.544,94.7135,90.9085,94.591,0.0
2020-03-11,92.8925,93.566,90.075,91.043,0.0
2020-03-12,86.099,88.25,83.75,83.8305,0.0
2020-03-13,87.75,89.3155,84.031,89.25,0.0
2020-03-16,82.0755,87.9725,81.3015,84.4575,0.0
2020-03-17,88.7735,92.889,84.462,90.392,0.0
2020-03-18,87.5,92.083,87.25,91.5,0.0
2020-03-19,93.0,97.25,91.6325,94.0465,0.0
2020-03-20,96.3155,97.85,91.0365,92.3045,0.0
2020-03-23,91.3875,95.97,90.6,95.1415,0.0
2020-03-24,97.575,97.75,95.017,97.005,0.0
2020-03-25,96.0345,97.513,94.289,94.292,0.0
2020-03-26,95.1,97.8245,94.4645,97.7745,0.0
2020-03-27,96.543,96.9895,94.996,95.005,0.0
2020-03-30,96.1415,98.6815,95.617,98.1975,0.0
2020-03-31,98.2175,99.651,97.2005,97.486,0.0
2020-04-01,96.6485,97.248,94.65,95.385,0.0
2020-04-02,95.082,96.3765,94.5,95.9415,0.0
2020-04-03,95.5575,96.3165,94.4575,95.3295,0.0
2020-04-06,96.8,99.926,96.501,99.8795,0.0
2020-04-07,100.8555,101.786,99.881,100.58,0.0
2020-04-08,101.05,102.2,100.5575,102.15,0.0
2020-04-09,102.215,102.65,100.883,102.138,0.0
2020-04-13,102.0,109.0,101.9,108.4435,0.0
2020-04-14,110.0235,114.6,109.3105,114.166,0.0
2020-04-15,112.884,116.6685,112.25,115.384,0.0
2020-04-16,117.3,123.05,116.75,120.4095,0.0
2020-04-17,118.6165,120.0,115.801,118.75,0.0
2020-04-20,119.4975,122.249,119.3025,119.6805,0.0
2020-04-21,120.8305,121.4155,113.983,116.406,0.0
2020-04-22,118.45,119.7,117.55,118.1745,0.0
2020-04-23,119.999,121.211,119.104,119.9725,0.0
2020-04-24,120.85,121.0215,119.1,120.511,0.0
2020-04-27,122.16,122.244,118.15,118.8,0.0
2020-04-28,118.605,118.675,115.3,115.704,0.0
2020-04-29,116.5005,119.5945,115.5,118.6355,0.0
2020-04-30,120.992,123.75,119.8005,123.7,0.0
2020-05-01,116.84,118.122,112.9095,114.302,0.0
2020-05-04,112.819,116.349,112.819,115.7995,0.0
2020-05-05,117.0,117.55,115.3565,115.89,0.0
2020-05-06,116.472,117.8725,116.0,117.563,0.0
2020-05-07,118.739,118.8,117.1555,118.3805,0.0
2020-05-08,118.607,119.362,117.85,118.9805,0.0
2020-05-11,118.735,120.9835,118.6055,120.45,0.0
2020-05-12,120.5925,120.95,117.75,117.8475,0.0
2020-05-13,118.34,120.385,116.89,118.396,0.0
2020-05-14,118.0505,119.5685,117.6605,119.4425,0.0
2020-05-15,118.426,120.55,117.8185,120.489,0.0
2020-05-18,120.2175,121.65,119.2005,121.313,0.0
2020-05-19,121.4915,124.25,121.4485,122.4665,0.0
2020-05-20,123.8935,125.0005,123.3635,124.897,0.0
2020-05-21,125.0,126.2725,122.127,122.337,0.0
2020-05-22,122.7505,123.4925,121.5065,121.844,0.0
2020-05-26,122.9,123.1,120.703,121.093,0.0
2020-05-27,120.2495,120.679,116.5,120.5195,0.0
2020-05-28,119.2165,121.8485,118.9115,120.055,0.0
2020-05-29,120.797,122.1185,119.91,122.1185,0.0
2020-06-01,122.4,123.8465,122.2085,123.552,0.0
2020-06-02,123.35,123.6765,122.2655,123.6205,0.0
2020-06-03,123.4005,124.4,123.0585,123.92,0.0
2020-06-04,123.8715,125.377,122.5005,123.03,0.0
2020-06-05,122.2255,124.4325,121.8565,124.15,0.0
2020-06-08,125.01,126.5,124.367,126.203,0.0
2020-06-09,126.472,131.3215,126.25,130.043,0.0
2020-06-10,132.25,136.1175,131.313,132.3725,0.0
2020-06-11,130.175,133.569,126.8115,127.898,0.0
2020-06-12,130.0605,131.074,125.1675,127.251,0.0
2020-06-15,126.33,129.2,125.4,128.634,0.0
2020-06-16,131.0,131.0,128.8,130.7635,0.0
2020-06-17,132.375,132.75,131.591,132.049,0.0
2020-06-18,132.3505,132.982,131.8055,132.699,0.0
2020-06-19,133.904,134.8715,132.95,133.7505,0.0
2020-06-22,134.225,135.75,133.45,135.691,0.0
2020-06-23,136.301,139.1555,135.902,138.2205,0.0
2020-06-24,139.0,139.8,136.05,136.72,0.0
2020-06-25,136.9775,137.8115,135.607,137.729,0.0
2020-06-26,138.753,139.1285,134.4,134.6435,0.0
2020-06-29,134.5005,134.84,131.504,134.019,0.0
2020-06-30,134.2535,138.4815,133.7515,137.941,0.0
2020-07-01,137.8995,144.75,137.7,143.935,0.0
2020-07-02,145.6005,147.778,143.555,144.515,0.0
2020-07-06,146.7485,152.994,146.5,152.852,0.0
2020-07-07,152.9275,153.4775,149.5,150.006,0.0
2020-07-08,151.1305,154.1985,150.6215,154.0555,0.0
2020-07-09,155.7995,159.694,153.7,159.1315,0.0
2020-07-10,159.588,160.75,156.785,160.0,0.0
2020-07-13,162.553,167.2145,153.4195,155.2,0.0
2020-07-14,154.45,156.369,147.5,154.2,0.0
2020-07-15,154.0115,154.9175,148.659,150.4435,0.0
2020-07-16,148.553,151.6,145.9115,149.995,0.0
2020-07-17,150.45,151.2,147.4225,148.0985,0.0
2020-07-20,150.01,160.068,149.701,159.842,0.0
2020-07-21,161.6245,162.029,155.286,156.9145,0.0
2020-07-22,156.25,157.5,153.263,154.9955,0.0
2020-07-23,154.9135,154.9135,148.5,149.3275,0.0
2020-07-24,146.5,151.579,144.4,150.4455,0.0
2020-07-27,153.1,154.9,150.7885,152.7605,0.0
2020-07-28,152.7135,153.8545,149.788,150.0165,0.0
2020-07-29,151.5495,151.958,149.8385,151.6765,0.0
2020-07-30,150.7,154.6,150.25,152.594,0.0
2020-07-31,162.2,162.341,157.55,158.234,0.0
2020-08-03,159.0255,159.2,155.2,155.5945,0.0
2020-08-04,155.0605,158.362,155.0605,156.9415,0.0
2020-08-05,157.1885,160.6795,156.365,160.2515,0.0
2020-08-06,159.718,162.3735,158.2715,161.25,0.0
2020-08-07,161.2005,162.0405,157.0335,158.373,0.0
2020-08-10,158.5155,158.6255,155.076,157.408,0.0
2020-08-11,155.66,157.961,153.65,154.0335,0.0
2020-08-12,155.4,158.7195,155.071,158.112,0.0
2020-08-13,159.1495,160.876,157.75,158.051,0.0
2020-08-14,158.909,158.912,156.0,157.401,0.0
2020-08-17,158.656,159.7485,157.709,159.1205,0.0
2020-08-18,160.6,166.0,160.291,165.6245,0.0
2020-08-19,165.1505,165.795,162.8,163.024,0.0
2020-08-20,162.6,165.631,161.9,164.8685,0.0
2020-08-21,164.75,165.72,163.7695,164.236,0.0
2020-08-24,165.5075,169.016,162.878,165.373,0.0
2020-08-25,164.7495,167.87,163.35,167.3245,0.0
2020-08-26,167.5555,172.587,167.2285,172.0925,0.0
2020-08-27,172.5025,172.65,168.9,170.0,0.0
2020-08-28,171.15,171.6685,169.325,170.09,0.0
2020-08-31,170.4495,174.75,170.25,172.548,0.0
2020-09-01,174.479,175.6935,173.35,174.956,0.0
2020-09-02,177.35,177.6125,174.3345,176.5725,0.0
2020-09-03,174.25,174.4205,165.15,168.4,0.0
2020-09-04,165.9,169.075,155.5565,164.731,0.0
2020-09-08,157.2,162.5425,156.5,157.492,0.0
2020-09-09,160.1495,165.159,159.25,163.4305,0.0
2020-09-10,165.361,167.4945,158.5275,158.7555,0.0
2020-09-11,160.4345,160.867,154.199,155.811,0.0
2020-09-14,158.647,159.3695,154.8,155.1485,0.0
2020-09-15,156.808,158.751,155.446,157.8065,0.0
2020-09-16,158.9995,159.362,153.7075,153.905,0.0
2020-09-17,150.4625,151.4715,148.6275,150.4365,0.0
2020-09-18,151.587,151.89,145.277,147.7455,0.0
2020-09-21,145.325,148.1,143.55,148.0235,0.0
2020-09-22,151.692,156.6995,150.01,156.4495,0.0
2020-09-23,156.0215,156.35,149.619,149.993,0.0
2020-09-24,148.8895,153.465,148.25,150.9895,0.0
2020-09-25,152.743,155.077,149.95,154.7565,0.0
2020-09-28,157.4425,158.752,155.8585,158.7025,0.0
2020-09-29,158.7695,159.413,156.627,157.244,0.0
2020-09-30,157.057,160.644,156.6995,157.4365,0.0
2020-10-01,160.4,161.2,158.6,161.063,0.0
2020-10-02,157.6815,159.79,156.15,156.25,0.0
2020-10-05,157.292,160.1265,157.0425,159.96,0.0
2020-10-06,158.25,159.1,154.5,154.998,0.0
2020-10-07,156.75,160.0,156.6195,159.7845,0.0
2020-10-08,161.2495,161.6645,158.7495,159.5275,0.0
2020-10-09,160.5,164.4495,159.8915,164.3325,0.0
2020-10-12,167.497,174.812,166.9775,172.1465,0.0
2020-10-13,173.3995,174.619,171.211,172.1815,0.0
2020-10-14,172.35,173.244,167.0,168.1855,0.0
2020-10-15,164.6005,167.794,164.0,166.9325,0.0
2020-10-16,168.1615,169.983,158.0,163.6355,0.0
2020-10-19,164.9805,166.45,159.637,160.3605,0.0
2020-10-20,161.114,163.3,159.6005,160.8505,0.0
2020-10-21,160.625,161.694,158.0,159.247,0.0
2020-10-22,159.4935,159.9375,156.097,158.82,0.0
2020-10-23,159.55,160.2665,157.0,160.22,0.0
2020-10-26,159.937,164.149,157.665,160.352,0.0
2020-10-27,161.247,164.583,160.565,164.3165,0.0
2020-10-28,162.465,163.201,158.1235,158.139,0.0
2020-10-29,160.0635,162.8625,158.2,160.5505,0.0
2020-10-30,157.8875,158.35,150.95,151.8075,0.0
2020-11-02,153.087,153.9855,147.506,150.224,0.0
2020-11-03,150.9265,153.745,149.049,152.4205,0.0
2020-11-04,157.9995,162.2425,156.9865,162.058,0.0
2020-11-05,165.9985,168.34,164.444,166.1,0.0
2020-11-06,165.232,166.1,161.6,165.5685,0.0
2020-11-09,161.5515,164.45,155.6055,157.187,0.0
2020-11-10,154.751,155.7,150.974,151.751,0.0
2020-11-11,153.089,156.9575,152.5,156.8695,0.0
2020-11-12,157.9975,158.794,154.3025,155.514,0.0
2020-11-13,156.1,157.086,154.2695,156.4405,0.0
2020-11-16,154.66,157.135,153.6345,156.553,0.0
2020-11-17,159.177,159.4625,156.763,156.783,0.0
2020-11-18,156.7,157.0,155.255,155.273,0.0
2020-11-19,155.2655,156.25,154.046,155.851,0.0
2020-11-20,155.851,156.6445,154.9025,154.97,0.0
2020-11-23,155.835,156.9875,153.273,154.9195,0.0
2020-11-24,155.025,156.7125,154.313,155.903,0.0
2020-11-25,157.0935,159.9,157.013,159.2535,0.0
2020-11-27,160.563,160.8095,159.5025,159.767,0.0
2020-11-30,160.424,161.4195,156.2775,158.402,0.0
2020-12-01,159.425,162.4475,157.859,161.004,0.0
2020-12-02,161.0825,161.6,158.663,160.1765,0.0
2020-12-03,160.273,161.432,159.0655,159.3365,0.0
2020-12-04,159.9105,159.9105,157.938,158.129,0.0
2020-12-07,157.824,159.038,157.0845,157.9,0.0
2020-12-08,157.945,159.2065,156.001,158.8645,0.0
2020-12-09,158.3945,158.7215,154.4,155.21,0.0
2020-12-10,154.4495,157.105,153.8,155.0745,0.0
2020-12-11,154.833,155.9335,153.641,155.821,0.0
2020-12-14,157.15,159.5235,156.3,157.8485,0.0
2020-12-15,159.0505,159.425,156.5245,158.256,0.0
2020-12-16,158.8005,162.35,158.184,162.048,0.0
2020-12-17,162.5,163.1755,161.05,161.804,0.0
2020-12-18,162.1995,162.471,158.58,160.0825,0.0
2020-12-21,160.0005,161.3485,158.3,160.309,0.0
2020-12-22,160.142,161.1,159.004,160.326,0.0
2020-12-23,160.25,160.5065,159.2085,159.2635,0.0
2020-12-24,159.695,160.1,158.45,158.6345,0.0
2020-12-28,159.7,165.2,158.6345,164.198,0.0
2020-12-29,165.497,167.5325,164.061,166.1,0.0
2020-12-30,167.05,167.105,164.1235,164.2925,0.0
2020-12-31,163.75,164.146,162.06,162.8465,0.0
2021-01-04,163.5,163.6,157.201,159.3315,0.0
2021-01-05,158.3005,161.169,158.253,160.9255,0.0
2021-01-06,157.324,159.8755,156.558,156.919,0.0
2021-01-07,157.85,160.427,157.75,158.108,0.0
2021-01-08,159.0,159.532,157.11,159.135,0.0
2021-01-11,157.4005,157.819,155.5,155.7105,0.0
2021-01-12,156.0,157.107,154.3,156.0415,0.0
2021-01-13,156.422,159.4975,156.104,158.2945,0.0
2021-01-14,158.376,158.9,156.0295,156.3735,0.0
2021-01-15,156.151,157.1275,154.7585,155.2125,0.0
2021-01-19,155.35,157.25,154.8,156.038,0.0
2021-01-20,159.0995,163.99,158.75,163.169,0.0
2021-01-21,164.65,167.4275,164.4785,165.3495,0.0
2021-01-22,165.2155,166.0955,164.158,164.6115,0.0
2021-01-25,166.425,168.1945,162.1575,164.7,0.0
2021-01-26,164.818,166.9,164.1435,166.3065,0.0
2021-01-27,167.0745,167.326,160.354,161.629,0.0
2021-01-28,161.752,165.084,161.4345,161.881,0.0
2021-01-29,161.5,161.8495,159.2275,160.31,0.0
2021-02-01,162.118,167.513,161.7515,167.144,0.0
2021-02-02,169.0,171.387,168.0565,169.0,0.0
2021-02-03,171.2505,171.7,165.431,165.6265,0.0
2021-02-04,166.5,167.35,163.8875,166.55,0.0
2021-02-05,165.95,168.85,165.1355,167.6075,0.0
2021-02-08,167.925,168.25,165.2,166.147,0.0
2021-02-09,165.6245,166.9,164.892,165.25,0.0
2021-02-10,165.7,165.8975,162.7,164.329,0.0
2021-02-11,164.6,164.6,162.403,163.1065,0.0
2021-02-12,162.5,164.0125,161.6655,163.8855,0.0
2021-02-16,162.7025,165.415,162.6795,163.4475,0.0
2021-02-17,163.18,166.0455,162.975,165.432,0.0
2021-02-18,164.121,166.9,163.697,166.4115,0.0
2021-02-19,166.4115,166.675,162.2875,162.495,0.0
2021-02-22,160.4065,161.616,158.613,159.037,0.0
2021-02-23,156.3515,160.2365,154.68,159.725,0.0
2021-02-24,158.3375,158.5615,156.269,157.9765,0.0
2021-02-25,156.837,158.913,152.388,152.858,0.0
2021-02-26,154.76,156.122,151.835,154.6465,0.0
2021-03-01,156.3945,157.478,154.8995,157.307,0.0
2021-03-02,157.1735,158.176,154.356,154.7265,0.0
2021-03-03,154.059,155.389,149.75,150.25,0.0
2021-03-04,150.6,152.9065,147.2715,148.8785,0.0
2021-03-05,150.25,150.45,144.05,150.023,0.0
2021-03-08,150.75,153.2295,147.5655,147.5975,0.0
2021-03-09,150.8995,154.548,150.2575,153.1425,0.0
2021-03-10,154.9225,155.823,151.5025,152.882,0.0
2021-03-11,155.2005,156.589,154.1465,155.6795,0.0
2021-03-12,153.75,154.949,152.275,154.4745,0.0
2021-03-15,153.7285,154.112,151.6045,154.084,0.0
2021-03-16,155.2485,156.4455,153.793,154.593,0.0
2021-03-17,153.661,158.6525,153.511,156.7865,0.0
2021-03-18,155.05,155.8315,151.25,151.3995,0.0
2021-03-19,151.4615,153.8645,150.8315,153.748,0.0
2021-03-22,153.3925,156.329,153.0025,155.5435,0.0
2021-03-23,156.35,159.1,156.0425,156.875,0.0
2021-03-24,157.552,158.0155,154.2575,154.3535,0.0
2021-03-25,153.6495,155.489,151.857,152.313,0.0
2021-03-26,152.203,152.833,149.8,152.6015,0.0
2021-03-29,152.772,154.5625,151.4225,153.7865,0.0
2021-03-30,153.5005,153.65,151.7,152.7645,0.0
2021-03-31,153.203,155.9665,153.125,154.704,0.0
2021-04-01,155.897,158.122,155.7775,158.05,0.0
2021-04-05,158.65,161.798,158.062,161.3365,0.0
2021-04-06,161.1875,162.3655,160.852,161.191,0.0
2021-04-07,161.69,165.1805,161.1825,163.9695,0.0
2021-04-08,165.545,166.225,164.6,164.965,0.0
2021-04-09,165.235,168.61,164.445,168.61,0.0
2021-04-12,167.7605,169.752,167.5575,168.9695,0.0
2021-04-13,170.0425,171.6,169.7815,170.0,0.0
2021-04-14,170.202,170.2065,166.3,166.65,0.0
2021-04-15,168.55,169.85,167.6,168.9545,0.0
2021-04-16,169.0,170.34,167.7795,169.972,0.0
2021-04-19,169.5165,171.7965,168.008,168.6005,0.0
2021-04-20,168.68,169.1495,165.8,166.7345,0.0
2021-04-21,165.8,168.143,165.1905,168.101,0.0
2021-04-22,168.584,168.6435,165.0725,165.452,0.0
2021-04-23,165.955,168.75,165.425,167.044,0.0
2021-04-26,167.4,171.4225,166.547,170.45,0.0
2021-04-27,172.1735,173.0,169.9005,170.8715,0.0
2021-04-28,171.74,174.494,171.25,172.925,0.0
2021-04-29,175.255,175.7225,171.75,173.5655,0.0
2021-04-30,176.256,177.7,173.125,173.371,0.0
2021-05-03,174.2365,174.3325,168.635,169.3245,0.0
2021-05-04,167.8095,168.399,163.6065,165.5935,0.0
2021-05-05,166.943,167.735,163.218,163.527,0.0
2021-05-06,163.5,165.72,162.36,165.3185,0.0
2021-05-07,165.9545,166.5445,164.4535,164.5805,0.0
2021-05-10,164.116,164.15,159.5,159.5245,0.0
2021-05-11,156.814,161.9,156.3685,161.1955,0.0
2021-05-12,159.25,160.397,156.655,157.597,0.0
2021-05-13,159.2735,160.192,156.65,158.0735,0.0
2021-05-14,159.278,161.443,159.15,161.145,0.0
2021-05-17,162.2965,164.6375,161.7295,163.5195,0.0
2021-05-18,164.629,165.6,161.5185,161.614,0.0
2021-05-19,159.75,161.7375,159.2,161.59,0.0
2021-05-20,162.22,162.984,161.809,162.384,0.0
2021-05-21,162.5,162.8345,159.8505,160.154,0.0
2021-05-24,160.775,162.8975,160.525,162.2495,0.0
2021-05-25,163.3335,163.991,160.688,162.9525,0.0
2021-05-26,163.7295,164.7865,162.9255,163.258,0.0
2021-05-27,162.8,163.018,161.502,161.5055,0.0
2021-05-28,162.1,162.3995,160.985,161.1535,0.0
2021-06-01,162.175,162.549,160.453,160.9325,0.0
2021-06-02,161.155,161.75,160.4,161.6995,0.0
2021-06-03,160.2115,160.722,159.2015,159.3505,0.0
2021-06-04,160.6,161.05,159.9405,160.311,0.0
2021-06-07,159.8665,160.4,158.61,159.9005,0.0
2021-06-08,161.1305,163.9765,160.9005,163.2055,0.0
2021-06-09,163.6435,164.879,163.535,164.0575,0.0
2021-06-10,164.1005,167.55,164.0575,167.4825,0.0
2021-06-11,167.4825,168.329,166.6725,167.3415,0.0
2021-06-14,167.3415,169.25,166.775,169.1935,0.0
2021-06-15,169.2,169.8495,168.1555,169.1565,0.0
2021-06-16,169.6,171.3175,168.0265,170.7625,0.0
2021-06-17,170.159,174.86,170.05,174.462,0.0
2021-06-18,173.9995,175.35,173.6855,174.345,0.0
2021-06-21,173.821,174.1,171.7,172.698,0.0
2021-06-22,172.903,176.189,172.8045,175.272,0.0
2021-06-23,175.25,176.05,174.16,175.191,0.0
2021-06-24,175.382,176.243,171.5425,172.454,0.0
2021-06-25,173.2,173.241,169.709,170.073,0.0
2021-06-28,170.8,172.4,170.6755,172.1945,0.0
2021-06-29,171.941,172.8015,171.1515,172.407,0.0
2021-06-30,172.053,173.58,171.75,172.008,0.0
2021-07-01,171.7305,172.85,170.471,171.6485,0.0
2021-07-02,172.582,175.586,171.846,175.549,0.0
2021-07-06,176.5055,184.274,176.45,183.787,0.0
2021-07-07,185.869,186.71,183.9455,184.829,0.0
2021-07-08,182.178,187.9995,181.056,186.5705,0.0
2021-07-09,186.126,187.4,184.67,185.967,0.0
2021-07-12,187.2,187.8645,184.8395,185.9275,0.0
2021-07-13,185.105,188.654,183.566,183.868,0.0
2021-07-14,185.4425,185.883,183.0415,184.084,0.0
2021-07-15,184.71,184.77,181.046,181.56,0.0
2021-07-16,181.6655,182.303,178.523,178.6815,0.0
2021-07-19,176.629,177.5105,174.958,177.4795,0.0
2021-07-20,178.366,179.6,175.9,178.6595,0.0
2021-07-21,178.819,179.3225,177.182,179.26,0.0
2021-07-22,179.3615,182.001,179.1135,181.9015,0.0
2021-07-23,182.0,183.3055,181.102,182.832,0.0
2021-07-26,183.6585,185.604,182.3625,184.991,0.0
2021-07-27,184.925,184.925,179.3075,181.3195,0.0
2021-07-28,181.689,182.921,180.05,181.516,0.0
2021-07-29,181.3875,181.8975,179.0005,179.996,0.0
2021-07-30,167.3975,168.407,165.349,166.3795,0.0
2021-08-02,167.655,167.946,165.85,166.574,0.0
2021-08-03,167.036,169.55,164.9885,168.312,0.0
2021-08-04,168.9675,169.444,167.278,167.736,0.0
2021-08-05,167.811,169.45,167.046,168.7995,0.0
2021-08-06,168.75,168.75,166.452,167.247,0.0
2021-08-09,167.1805,167.744,166.426,167.0935,0.0
2021-08-10,167.2505,167.9,165.75,166.034,0.0
2021-08-11,166.5725,166.885,163.8895,164.6055,0.0
2021-08-12,164.5,165.7255,163.4835,165.175,0.0
2021-08-13,165.2835,165.3035,164.15,164.6985,0.0
2021-08-16,164.15,165.0,160.5565,164.9495,0.0
2021-08-17,163.875,164.0245,161.284,162.098,0.0
2021-08-18,162.0995,162.705,160.0,160.061,0.0
2021-08-19,159.701,161.65,159.123,159.3875,0.0
2021-08-20,160.1935,160.3905,158.788,159.9975,0.0
2021-08-23,160.595,164.045,160.5005,163.2935,0.0
2021-08-24,164.0,165.7745,163.729,165.289,0.0
2021-08-25,165.4935,166.05,164.3075,164.959,0.0
2021-08-26,164.95,166.6,164.8,165.8,0.0
2021-08-27,166.6615,167.616,165.6875,167.4815,0.0
2021-08-30,167.8715,172.25,167.761,171.0785,0.0
2021-08-31,171.24,173.629,169.7795,173.5395,0.0
2021-09-01,174.82,176.35,173.762,173.95,0.0
2021-09-02,174.738,175.598,172.75,173.156,0.0
2021-09-03,172.6,174.1335,171.822,173.9025,0.0
2021-09-07,173.9,176.4045,173.847,175.4645,0.0
2021-09-08,175.5825,177.2815,174.7835,176.275,0.0
2021-09-09,176.301,177.4995,174.0185,174.208,0.0
2021-09-10,175.0915,175.4225,173.1455,173.4575,0.0
2021-09-13,174.14,174.898,171.9,172.8585,0.0
2021-09-14,173.7775,174.3405,171.8855,172.5,0.0
2021-09-15,172.126,174.271,170.1005,173.7895,0.0
2021-09-16,172.998,174.6275,172.307,174.412,0.0
2021-09-17,174.4205,174.8705,172.6065,173.126,0.0
2021-09-20,169.8,170.95,165.2505,167.7865,0.0
2021-09-21,168.75,168.985,166.6195,167.1815,0.0
2021-09-22,167.55,169.45,167.0525,169.0025,0.0
2021-09-23,169.0025,171.448,169.0025,170.8,0.0
2021-09-24,170.1005,171.463,169.67,171.276,0.0
2021-09-27,168.575,170.7785,166.9805,170.29,0.0
2021-09-28,167.8855,168.4595,164.505,165.798,0.0
2021-09-29,166.1055,167.565,164.8935,165.056,0.0
2021-09-30,165.8,166.3925,163.6995,164.252,0.0
2021-10-01,164.4505,165.4585,162.797,164.163,0.0
2021-10-04,163.9695,163.9995,158.8125,159.489,0.0
2021-10-05,160.225,163.0365,160.123,161.05,0.0
2021-10-06,160.6765,163.217,159.931,163.1005,0.0
2021-10-07,164.577,166.2875,164.153,165.1215,0.0
2021-10-08,165.85,166.0715,164.41,164.431,0.0
2021-10-11,163.75,164.6295,161.905,162.315,0.0
2021-10-12,162.85,163.3765,161.814,162.3665,0.0
2021-10-13,163.4855,164.419,163.0545,164.214,0.0
2021-10-14,165.1225,165.63,164.539,164.993,0.0
2021-10-15,165.571,170.521,165.2,170.451,0.0
2021-10-18,169.418,172.4585,169.255,172.337,0.0
2021-10-19,171.7145,172.7345,171.1,172.2075,0.0
2021-10-20,172.633,173.143,170.0185,170.753,0.0
2021-10-21,170.7125,172.014,170.15,171.7505,0.0
2021-10-22,171.05,171.492,166.565,166.7775,0.0
2021-10-25,166.75,167.39,164.885,166.0185,0.0
2021-10-26,167.4755,170.806,167.199,168.8035,0.0
2021-10-27,169.4,171.85,168.5725,169.6245,0.0
2021-10-28,170.105,173.95,169.3,172.3285,0.0
2021-10-29,165.001,168.741,163.666,168.6215,0.0
2021-11-01,168.09,168.793,164.601,165.9055,0.0
2021-11-02,165.7505,166.556,164.1775,165.6375,0.0
2021-11-03,165.45,169.746,164.876,169.2,0.0
2021-11-04,168.5,174.9315,168.25,173.85,0.0
2021-11-05,173.85,178.3125,173.849,175.9495,0.0
2021-11-08,176.162,178.95,174.393,174.449,0.0
2021-11-09,175.7625,179.6885,175.0715,178.8115,0.0
2021-11-10,178.1935,180.2725,173.1545,174.1025,0.0
2021-11-11,175.65,177.162,173.3735,173.625,0.0
2021-11-12,174.25,177.0365,172.3525,176.2575,0.0
2021-11-15,176.85,179.694,176.2905,177.284,0.0
2021-11-16,176.95,178.825,176.2575,177.035,0.0
2021-11-17,178.236,179.3625,177.2675,177.45,0.0
2021-11-18,178.3175,185.21,178.05,184.803,0.0
2021-11-19,185.6345,188.1075,183.786,183.8285,0.0
2021-11-22,183.819,185.673,178.375,178.6285,0.0
2021-11-23,179.252,181.0525,176.3855,179.002,0.0
2021-11-24,178.1335,180.682,176.8425,179.0205,0.0
2021-11-26,180.105,181.675,175.2075,175.228,0.0
2021-11-29,177.382,179.8,176.575,178.0785,0.0
2021-11-30,178.175,179.2885,174.6005,175.3535,0.0
2021-12-01,177.25,177.994,172.08,172.186,0.0
2021-12-02,173.0,174.635,171.1875,171.868,0.0
2021-12-03,172.75,173.4935,166.93,169.4895,0.0
2021-12-06,169.65,173.6955,166.9345,171.3685,0.0
2021-12-07,174.6,177.4995,173.3345,176.1645,0.0
2021-12-08,176.1505,177.18,174.7505,176.158,0.0
2021-12-09,175.75,176.9695,174.1395,174.171,0.0
2021-12-10,175.417,175.927,170.5,172.212,0.0
2021-12-13,172.0,172.1,169.13,169.5675,0.0
2021-12-14,167.55,169.499,166.44,169.0915,0.0
2021-12-15,168.598,173.6,165.195,173.315,0.0
2021-12-16,173.3685,174.166,168.1605,168.871,0.0
2021-12-17,167.7105,170.8985,165.6135,170.0175,0.0
2021-12-20,166.85,167.8745,165.6,167.079,0.0
2021-12-21,167.8505,170.7165,165.6475,170.417,0.0
2021-12-22,169.27,172.05,168.5005,171.037,0.0
2021-12-23,170.428,171.975,170.15,171.0685,0.0
2021-12-27,171.037,172.943,169.2155,169.6695,0.0
2021-12-28,170.1825,172.176,169.1355,170.661,0.0
2021-12-29,170.84,171.212,168.6005,169.201,0.0
2021-12-30,169.7,170.888,168.524,168.6445,0.0
2021-12-31,168.956,169.35,166.5585,166.717,0.0
2022-01-03,167.55,170.7035,166.1605,170.4045,0.0
2022-01-04,170.438,171.4,166.3495,167.522,0.0
2022-01-05,166.883,167.1265,164.357,164.357,0.0
2022-01-06,163.4505,164.8,161.937,163.254,0.0
2022-01-07,163.839,165.2435,162.031,162.554,0.0
2022-01-10,160.5855,161.6615,156.3045,161.486,0.0
2022-01-11,161.5,166.35,160.7015,165.362,0.0
2022-01-12,166.575,166.878,164.417,165.207,0.0
2022-01-13,165.2505,166.2215,161.091,161.214,0.0
2022-01-14,160.15,162.25,159.8005,162.138,0.0
2022-01-18,159.105,159.7345,157.6645,158.9175,0.0
2022-01-19,158.762,159.25,156.25,156.299,0.0
2022-01-20,156.766,158.0,151.351,151.6675,0.0
2022-01-21,149.95,150.9,142.0705,142.643,0.0
2022-01-24,139.0,144.945,135.352,144.544,0.0
2022-01-25,142.2425,143.6,138.145,139.986,0.0
2022-01-26,144.75,145.185,137.3185,138.8725,0.0
2022-01-27,140.8,144.2435,139.35,139.6375,0.0
2022-01-28,140.8605,143.998,137.9295,143.978,0.0
2022-01-31,144.75,150.3605,144.3005,149.5735,0.0
2022-02-01,150.0,151.708,147.6275,151.1935,0.0
2022-02-02,155.0505,155.075,148.8635,150.6125,0.0
2022-02-03,141.7375,144.2475,138.333,138.8455,0.0
2022-02-04,155.6065,161.2,150.608,157.6395,0.0
2022-02-07,158.52,162.691,157.25,157.9355,0.0
2022-02-08,156.7505,161.7925,155.5505,161.4135,0.0
2022-02-09,162.8735,163.8345,160.25,161.1895,0.0
2022-02-10,158.35,160.7165,157.75,159.0035,0.0
2022-02-11,158.1345,159.0,152.734,153.2935,0.0
2022-02-14,151.751,158.4485,151.65,155.167,0.0
2022-02-15,157.6055,158.007,154.6375,156.5105,0.0
2022-02-16,155.7905,158.834,154.7345,158.1005,0.0
2022-02-17,158.146,160.349,154.5,154.6525,0.0
2022-02-18,155.4995,155.4995,150.893,152.6015,0.0
2022-02-22,150.4785,152.9825,148.4855,150.1975,0.0
2022-02-23,151.6505,151.763,144.651,144.827,0.0
2022-02-24,139.8375,151.749,139.5,151.358,0.0
2022-02-25,150.55,153.99,149.2135,153.7885,0.0
2022-02-28,152.425,154.45,150.85,153.563,0.0
2022-03-01,152.7325,154.099,149.977,151.142,0.0
2022-03-02,150.849,152.9995,148.75,152.0525,0.0
2022-03-03,153.5315,153.929,146.856,147.8985,0.0
2022-03-04,147.159,147.85,143.807,145.641,0.0
2022-03-07,145.4435,146.0945,137.4165,137.453,0.0
2022-03-08,136.6835,140.6995,133.5725,136.0145,0.0
2022-03-09,139.5,140.25,136.828,139.279,0.0
2022-03-10,145.685,148.6745,143.978,146.8175,0.0
2022-03-11,149.5745,149.675,145.369,145.5245,0.0
2022-03-14,145.981,147.45,140.884,141.853,0.0
2022-03-15,142.85,147.985,142.0,147.3665,0.0
2022-03-16,148.5,153.15,147.3535,153.104,0.0
2022-03-17,152.6405,157.4985,152.14,157.239,0.0
2022-03-18,156.813,161.594,156.011,161.2505,0.0
2022-03-21,161.121,163.084,159.553,161.4915,0.0
2022-03-22,161.8055,166.167,161.699,164.889,0.0
2022-03-23,163.705,166.37,162.687,163.408,0.0
2022-03-24,163.7495,164.1185,160.05,163.6495,0.0
2022-03-25,164.0,165.3685,162.25,164.7735,0.0
2022-03-28,164.975,169.0375,164.9,168.9905,0.0
2022-03-29,170.384,170.8315,167.8685,169.315,0.0
2022-03-30,168.5095,168.9505,165.5,166.301,0.0
2022-03-31,166.445,166.495,162.9535,162.9975,0.0
2022-04-01,164.1495,165.827,162.3195,163.56,0.0
2022-04-04,164.125,168.3945,163.2055,168.3465,0.0
2022-04-05,167.7415,168.1105,163.266,164.055,0.0
2022-04-06,161.6505,162.2,157.2545,158.756,0.0
2022-04-07,158.4,160.079,154.5115,157.7845,0.0
2022-04-08,156.75,157.3685,154.231,154.4605,0.0
2022-04-11,152.713,154.1365,150.5345,151.122,0.0
2022-04-12,153.6925,155.099,150.383,150.7875,0.0
2022-04-13,150.0185,156.025,149.6,155.541,0.0
2022-04-14,155.39,155.897,151.472,151.7065,0.0
2022-04-18,151.5235,154.0395,150.2505,152.785,0.0
2022-04-19,152.0295,158.649,151.5505,158.1155,0.0
2022-04-20,157.6025,157.6025,153.6035,153.998,0.0
2022-04-21,154.714,156.738,147.5895,148.296,0.0
2022-04-22,148.25,149.615,143.6975,144.35,0.0
2022-04-25,144.023,146.2215,142.3065,146.074,0.0
2022-04-26,144.8,144.856,138.9295,139.391,0.0
2022-04-27,140.1915,141.9485,135.7835,138.167,0.0
2022-04-28,142.178,145.9375,140.3,144.5965,0.0
2022-04-29,129.849,130.761,121.625,124.2815,0.0
2022-05-02,122.401,124.668,118.375,124.5,0.0
2022-05-03,124.0535,126.2205,122.825,124.2535,0.0
2022-05-04,123.6,126.0,119.183,125.9285,0.0
2022-05-05,123.0,123.499,115.0725,116.407,0.0
2022-05-06,114.85,119.0505,113.0815,114.7725,0.0
2022-05-09,111.3125,114.0,107.957,108.789,0.0
2022-05-10,111.25,112.6425,107.171,108.859,0.0
2022-05-11,108.1035,110.156,104.4285,105.372,0.0
2022-05-12,102.75,110.7805,102.4055,106.9305,0.0
2022-05-13,109.069,113.184,107.8,113.055,0.0
2022-05-16,113.1,113.9925,110.354,110.8105,0.0
2022-05-17,113.275,115.8,111.2765,115.3685,0.0
2022-05-18,111.4395,112.853,106.249,107.1125,0.0
2022-05-19,106.2805,110.034,106.193,107.319,0.0
2022-05-20,109.5685,109.898,105.0095,107.591,0.0
2022-05-23,108.461,108.819,103.95,107.557,0.0
2022-05-24,104.025,105.4,101.26,104.1,0.0
2022-05-25,103.6555,108.175,103.65,106.775,0.0
2022-05-26,107.97,112.6655,107.4535,111.0775,0.0
2022-05-27,113.55,115.187,112.628,115.1465,0.0
2022-05-31,116.28,121.9945,115.675,120.2095,0.0
2022-06-01,122.256,125.179,120.6225,121.684,0.0
2022-06-02,121.684,125.61,120.045,125.511,0.0
2022-06-03,124.2,124.4,121.0465,122.35,0.0
2022-06-06,125.25,128.99,123.81,124.79,0.0
2022-06-07,122.01,124.1,120.63,123.0,0.0
2022-06-08,122.61,123.75,120.75,121.18,0.0
2022-06-09,119.99,121.3,116.1,116.15,0.0
2022-06-10,113.42,114.5,109.05,109.65,0.0
2022-06-13,104.19,106.54,101.86,103.67,0.0
2022-06-14,104.19,104.88,101.43,102.31,0.0
2022-06-15,103.86,109.06,103.53,107.67,0.0
2022-06-16,104.47,104.58,102.01,103.66,0.0
2022-06-17,102.8,106.98,102.51,106.22,0.0
2022-06-21,108.2,111.63,103.56,108.68,0.0
2022-06-22,107.43,112.13,107.02,108.95,0.0
2022-06-23,110.39,113.0,107.93,112.44,0.0
2022-06-24,112.38,116.71,111.43,116.46,0.0
2022-06-27,117.09,117.98,112.7,113.22,0.0
2022-06-28,113.5,114.85,107.04,107.4,0.0
2022-06-29,107.38,110.99,106.91,108.92,0.0
2022-06-30,108.11,108.18,102.52,106.21,0.0
2022-07-01,106.29,109.75,105.85,109.56,0.0
2022-07-05,107.6,114.08,106.32,113.5,0.0
2022-07-06,113.21,115.48,112.01,114.33,0.0
2022-07-07,113.85,116.99,113.49,116.33,0.0
2022-07-08,114.6,116.58,113.69,115.54,0.0
2022-07-11,114.08,114.3,110.87,111.75,0.0
2022-07-12,112.16,113.23,108.34,109.22,0.0
2022-07-13,107.03,111.78,106.01,110.4,0.0
2022-07-14,110.24,111.18,107.58,110.63,0.0
2022-07-15,112.5,115.59,111.59,113.55,0.0
2022-07-18,115.0,117.24,113.15,113.76,0.0
2022-07-19,115.7,118.95,114.03,118.21,0.0
2022-07-20,118.62,123.48,118.32,122.77,0.0
2022-07-21,123.2,124.85,121.26,124.63,0.0
2022-07-22,125.01,125.5,121.35,122.42,0.0
2022-07-25,122.7,123.64,120.03,121.14,0.0
2022-07-26,115.79,118.15,114.53,114.81,0.0
2022-07-27,117.31,121.9,117.16,120.97,0.0
2022-07-28,121.57,122.84,118.08,122.28,0.0
2022-07-29,134.9,137.65,132.41,134.95,0.0
2022-08-01,134.96,138.83,133.51,135.39,0.0
2022-08-02,134.72,137.44,134.09,134.16,0.0
2022-08-03,136.21,140.49,136.05,139.52,0.0
2022-08-04,140.58,143.56,139.55,142.57,0.0
2022-08-05,140.1,142.86,139.6,140.8,0.0
2022-08-08,142.05,144.23,138.29,139.41,0.0
2022-08-09,138.05,138.95,136.21,137.83,0.0
2022-08-10,142.9,144.6,141.01,142.69,0.0
2022-08-11,143.86,144.49,139.76,140.64,0.0
2022-08-12,142.05,143.57,140.12,143.55,0.0
2022-08-15,142.8,143.76,141.49,143.18,0.0
2022-08-16,143.91,146.57,142.0,144.78,0.0
2022-08-17,142.69,143.38,140.78,142.1,0.0
2022-08-18,141.32,142.77,140.38,142.3,0.0
2022-08-19,140.47,141.11,137.91,138.23,0.0
2022-08-22,135.72,136.32,132.85,133.22,0.0
2022-08-23,133.41,134.99,132.95,133.62,0.0
2022-08-24,132.75,135.47,132.1,133.8,0.0
2022-08-25,135.26,137.42,134.28,137.28,0.0
2022-08-26,136.55,137.83,130.5,130.75,0.0
2022-08-29,129.9,131.95,128.77,129.79,0.0
2022-08-30,131.25,132.07,126.85,128.73,0.0
2022-08-31,129.45,130.59,126.74,126.77,0.0
2022-09-01,126.0,128.02,123.66,127.82,0.0
2022-09-02,129.5,131.38,126.39,127.51,0.0
2022-09-06,127.92,128.62,124.74,126.11,0.0
2022-09-07,126.12,129.82,125.4,129.48,0.0
2022-09-08,127.72,130.28,127.1,129.82,0.0
2022-09-09,130.91,133.69,130.76,133.27,0.0
2022-09-12,134.1,136.49,134.0,136.45,0.0
2022-09-13,131.01,131.4,126.27,126.82,0.0
2022-09-14,127.36,128.84,126.33,128.55,0.0
2022-09-15,127.38,130.37,125.5,126.28,0.0
2022-09-16,122.78,123.87,120.7,123.53,0.0
2022-09-19,122.16,124.71,121.8,124.66,0.0
2022-09-20,123.35,124.4,121.14,122.19,0.0
2022-09-21,122.49,123.76,118.45,118.54,0.0
2022-09-22,117.08,118.79,116.26,117.31,0.0
2022-09-23,116.0,116.05,112.06,113.78,0.0
2022-09-26,113.3,117.34,113.13,115.15,0.0
2022-09-27,117.2,118.32,113.05,114.41,0.0
2022-09-28,114.38,118.7,113.8,118.01,0.0
2022-09-29,115.6,116.07,113.06,114.8,0.0
2022-09-30,114.08,116.92,112.84,113.0,0.0
2022-10-03,113.58,116.91,112.45,115.88,0.0
2022-10-04,119.89,123.0,119.79,121.09,0.0
2022-10-05,118.58,121.75,117.69,120.95,0.0
2022-10-06,120.77,121.53,119.5,120.3,0.0
2022-10-07,118.0,118.17,113.88,114.56,0.0
2022-10-10,115.1,116.25,112.43,113.67,0.0
2022-10-11,112.71,115.48,110.39,112.21,0.0
2022-10-12,112.49,113.83,111.4,112.9,0.0
2022-10-13,107.88,113.44,105.35,112.53,0.0
2022-10-14,114.1,114.96,106.6,106.9,0.0
2022-10-17,110.11,114.19,110.09,113.79,0.0
2022-10-18,119.06,119.52,114.79,116.36,0.0
2022-10-19,114.71,116.59,113.22,115.07,0.0
2022-10-20,113.83,118.24,113.51,115.25,0.0
2022-10-21,114.79,119.59,114.5,119.32,0.0
2022-10-24,119.98,120.39,116.57,119.82,0.0
2022-10-25,119.65,121.32,118.95,120.6,0.0
2022-10-26,116.0,119.35,114.76,115.66,0.0
2022-10-27,113.92,114.12,109.77,110.96,0.0
2022-10-28,97.91,103.96,97.66,103.41,0.0
2022-10-31,103.56,104.87,100.74,102.44,0.0
2022-11-01,103.99,104.58,96.06,96.79,0.0
2022-11-02,97.32,97.74,92.01,92.12,0.0
2022-11-03,92.47,93.5,89.02,89.3,0.0
2022-11-04,91.49,92.44,88.04,90.98,0.0
2022-11-07,91.95,92.1,89.04,90.53,0.0
2022-11-08,90.79,91.72,88.23,89.98,0.0
2022-11-09,89.47,89.48,85.87,86.14,0.0
2022-11-10,92.94,98.69,91.65,96.63,0.0
2022-11-11,97.88,101.19,96.66,100.79,0.0
2022-11-14,98.77,100.12,97.29,98.49,0.0
2022-11-15,103.21,103.79,97.34,98.94,0.0
2022-11-16,96.85,98.49,95.54,97.12,0.0
2022-11-17,95.37,96.97,94.03,94.85,0.0
2022-11-18,95.95,95.99,92.48,94.14,0.0
2022-11-21,93.97,95.02,90.59,92.46,0.0
2022-11-22,92.62,93.35,90.87,93.2,0.0
2022-11-23,93.24,94.58,92.83,94.13,0.0
2022-11-25,93.79,94.43,93.07,93.41,0.0
2022-11-28,93.93,96.4,93.43,93.95,0.0
2022-11-29,94.04,94.41,91.44,92.42,0.0
2022-11-30,92.47,96.54,91.53,96.54,0.0
2022-12-01,96.99,97.23,94.92,95.5,0.0
2022-12-02,94.48,95.36,93.78,94.13,0.0
2022-12-05,93.05,94.06,90.82,91.01,0.0
2022-12-06,90.5,91.04,87.9,88.25,0.0
2022-12-07,88.34,89.89,87.48,88.46,0.0
2022-12-08,89.24,90.86,87.88,90.35,0.0
2022-12-09,88.9,90.3,88.63,89.09,0.0
2022-12-12,89.21,90.58,87.87,90.55,0.0
2022-12-13,95.23,96.25,90.52,92.49,0.0
2022-12-14,92.5,93.46,89.87,91.58,0.0
2022-12-15,89.89,89.97,87.47,88.45,0.0
2022-12-16,88.27,89.35,86.73,87.86,0.0
2022-12-19,87.51,87.63,84.51,84.92,0.0
2022-12-20,85.33,86.61,84.33,85.19,0.0
2022-12-21,86.18,87.23,85.21,86.77,0.0
2022-12-22,85.52,85.68,82.25,83.79,0.0
2022-12-23,83.25,85.78,82.93,85.25,0.0
2022-12-27,84.97,85.35,83.0,83.04,0.0
2022-12-28,82.8,83.48,81.69,81.82,0.0
2022-12-29,82.87,84.55,82.55,84.18,0.0
2022-12-30,83.12,84.05,82.47,84.0,0.0
2023-01-03,85.46,86.96,84.21,85.82,0.0
2023-01-04,86.55,86.98,83.36,85.14,0.0
2023-01-05,85.33,85.42,83.07,83.12,0.0
2023-01-06,83.03,86.4,81.43,86.08,0.0
2023-01-09,87.46,89.48,87.08,87.36,0.0
2023-01-10,87.57,90.19,87.29,89.87,0.0
2023-01-11,90.93,95.26,90.93,95.09,0.0
2023-01-12,96.93,97.19,93.5,95.27,0.0
2023-01-13,94.18,98.37,94.12,98.12,0.0
2023-01-17,98.68,98.89,95.73,96.05,0.0
2023-01-18,97.25,99.32,95.38,95.46,0.0
2023-01-19,94.74,95.44,92.86,93.68,0.0
2023-01-20,93.86,97.35,93.2,97.25,0.0
2023-01-23,97.56,97.78,95.86,97.52,0.0
2023-01-24,96.93,98.09,96.0,96.32,0.0
2023-01-25,92.56,97.24,91.52,97.18,0.0
2023-01-26,98.24,99.49,96.92,99.22,0.0
2023-01-27,99.53,103.49,99.53,102.24,0.0
2023-01-30,101.09,101.74,99.01,100.55,0.0
2023-01-31,101.16,103.35,101.14,103.13,0.0
2023-02-01,102.53,106.24,101.24,105.15,0.0
2023-02-02,110.25,114.0,108.88,112.91,0.0
2023-02-03,105.26,108.78,102.52,103.39,0.0
2023-02-06,102.93,103.95,100.65,102.18,0.0
2023-02-07,101.17,102.41,98.08,102.11,0.0
2023-02-08,102.04,102.67,98.78,100.05,0.0
2023-02-09,101.32,101.78,97.57,98.24,0.0
2023-02-10,97.56,98.82,96.23,97.61,0.0
2023-02-13,97.85,99.68,96.91,99.54,0.0
2023-02-14,98.41,100.92,97.52,99.7,0.0
2023-02-15,99.09,101.17,98.45,101.16,0.0
2023-02-16,99.21,100.63,98.1,98.15,0.0
2023-02-17,97.8,97.94,95.65,97.2,0.0
2023-02-21,95.34,95.61,94.27,94.58,0.0
2023-02-22,95.1,97.01,94.8,95.79,0.0
2023-02-23,96.12,96.43,93.67,95.82,0.0
2023-02-24,93.53,94.14,92.32,93.5,0.0
2023-02-27,94.28,94.78,93.14,93.76,0.0
2023-02-28,93.14,94.69,92.92,94.23,0.0
2023-03-01,93.87,94.68,91.59,92.17,0.0
2023-03-02,91.41,92.23,90.39,92.13,0.0
2023-03-03,92.74,94.94,92.66,94.9,0.0
2023-03-06,95.19,96.55,93.74,93.75,0.0
2023-03-07,94.06,95.09,92.78,93.55,0.0
2023-03-08,93.6,94.17,92.18,93.92,0.0
2023-03-09,93.68,96.21,92.18,92.25,0.0
2023-03-10,92.67,93.57,90.25,90.73,0.0
2023-03-13,89.97,94.02,88.12,92.43,0.0
2023-03-14,93.83,95.07,92.71,94.88,0.0
2023-03-15,93.22,96.67,93.07,96.2,0.0
2023-03-16,95.75,100.99,95.61,100.04,0.0
2023-03-17,99.79,100.66,97.46,98.95,0.0
2023-03-20,98.41,98.48,95.7,97.71,0.0
2023-03-21,98.14,100.85,98.0,100.61,0.0
2023-03-22,100.45,102.1,98.61,98.7,0.0
2023-03-23,100.43,101.06,97.62,98.71,0.0
2023-03-24,98.07,98.3,96.4,98.13,0.0
2023-03-27,99.07,99.34,97.08,98.04,0.0
2023-03-28,98.11,98.44,96.29,97.24,0.0
2023-03-29,98.69,100.42,98.56,100.25,0.0
2023-03-30,101.55,103.04,101.01,102.0,0.0
2023-03-31,102.16,103.49,101.95,103.29,0.0
2023-04-03,102.3,103.29,101.43,102.41,0.0
2023-04-04,102.75,104.2,102.11,103.95,0.0
2023-04-05,103.91,103.91,100.75,101.1,0.0
2023-04-06,100.75,102.38,99.8,102.06,0.0
2023-04-10,100.96,102.2,99.57,102.17,0.0
2023-04-11,100.8,101.0,99.01,99.92,0.0
2023-04-12,100.4,100.51,97.71,97.83,0.0
2023-04-13,98.95,102.57,98.71,102.4,0.0
2023-04-14,102.07,103.2,101.11,102.51,0.0
2023-04-17,103.16,103.73,101.59,102.74,0.0
2023-04-18,103.95,104.2,101.52,102.3,0.0
2023-04-19,101.58,105.12,101.39,104.3,0.0
2023-04-20,103.53,105.25,103.21,103.81,0.0
2023-04-21,106.1,108.15,105.08,106.96,0.0
2023-04-24,107.66,109.23,105.07,106.21,0.0
2023-04-25,104.91,105.45,102.45,102.57,0.0
2023-04-26,105.04,106.62,104.1,104.98,0.0
2023-04-27,108.16,110.86,106.8,109.82,0.0
2023-04-28,107.73,109.48,104.33,105.45,0.0
2023-05-01,104.95,105.23,101.82,102.05,0.0
2023-05-02,101.47,103.9,101.15,103.63,0.0
2023-05-03,103.74,105.96,103.28,103.65,0.0
2023-05-04,104.04,105.39,103.31,104.0,0.0
2023-05-05,104.27,105.76,103.55,105.66,0.0
2023-05-08,105.04,106.1,104.7,105.83,0.0
2023-05-09,105.48,106.79,105.16,106.62,0.0
2023-05-10,108.1,110.67,108.05,110.19,0.0
2023-05-11,111.03,113.28,110.49,112.18,0.0
2023-05-12,112.16,112.64,109.32,110.26,0.0
2023-05-15,111.15,112.29,109.25,111.2,0.0
2023-05-16,111.05,114.79,111.05,113.4,0.0
2023-05-17,114.89,115.83,114.22,115.5,0.0
2023-05-18,116.69,118.6,116.34,118.15,0.0
2023-05-19,118.16,118.31,115.7,116.25,0.0
2023-05-22,116.77,116.77,114.25,115.01,0.0
2023-05-23,114.27,117.14,113.78,114.99,0.0
2023-05-24,115.35,117.34,115.02,116.75,0.0
2023-05-25,116.63,116.87,114.31,115.0,0.0
2023-05-26,116.04,121.5,116.02,120.11,0.0
2023-05-30,122.37,122.92,119.86,121.66,0.0
2023-05-31,121.45,122.04,119.17,120.58,0.0
2023-06-01,120.69,123.49,119.93,122.77,0.0
2023-06-02,124.92,126.39,124.02,124.25,0.0
2023-06-05,123.36,125.8,123.03,125.3,0.0
2023-06-06,125.07,127.4,125.0,126.61,0.0
2023-06-07,127.01,127.37,120.63,121.23,0.0
2023-06-08,123.01,125.63,122.26,124.25,0.0
2023-06-09,124.08,125.8,123.19,123.43,0.0
2023-06-12,124.02,126.78,123.53,126.57,0.0
2023-06-13,128.12,128.41,125.18,126.66,0.0
2023-06-14,126.7,126.95,124.12,126.42,0.0
2023-06-15,125.21,127.69,124.32,127.11,0.0
2023-06-16,127.71,127.9,125.3,125.49,0.0
2023-06-20,124.97,127.25,124.5,125.78,0.0
2023-06-21,125.64,126.73,123.85,124.83,0.0
2023-06-22,125.31,130.33,125.14,130.15,0.0
2023-06-23,129.11,130.84,128.28,129.33,0.0
2023-06-26,129.33,131.49,127.1,127.33,0.0
2023-06-27,128.63,130.09,127.55,129.18,0.0
2023-06-28,128.94,131.48,128.44,129.04,0.0
2023-06-29,128.77,129.26,127.26,127.9,0.0
2023-06-30,129.47,131.25,128.95,130.36,0.0
2023-07-03,130.82,131.85,130.07,130.22,0.0
2023-07-05,130.24,131.4,129.64,130.38,0.0
2023-07-06,128.25,128.73,127.37,128.36,0.0
2023-07-07,128.59,130.97,128.13,129.78,0.0
2023-07-10,129.07,129.28,125.92,127.13,0.0
2023-07-11,127.75,129.77,127.35,128.78,0.0
2023-07-12,130.31,131.26,128.83,130.8,0.0
2023-07-13,134.04,134.67,132.71,134.3,0.0
2023-07-14,134.06,136.65,134.06,134.68,0.0
2023-07-17,134.56,135.62,133.21,133.56,0.0
2023-07-18,132.71,133.86,131.35,132.83,0.0
2023-07-19,133.39,135.99,132.53,135.36,0.0
2023-07-20,134.07,134.79,129.33,129.96,0.0
2023-07-21,131.34,131.37,128.42,130.0,0.0
2023-07-24,130.31,131.66,128.35,128.8,0.0
2023-07-25,129.31,129.58,128.53,129.13,0.0
2023-07-26,126.51,129.08,126.11,128.15,0.0
2023-07-27,131.0,132.63,127.79,128.25,0.0
2023-07-28,129.69,133.01,129.33,132.21,0.0
2023-07-31,133.2,133.87,132.38,133.68,0.0
2023-08-01,133.55,133.69,131.62,131.69,0.0
2023-08-02,130.15,130.23,126.82,128.21,0.0
2023-08-03,127.48,129.84,126.41,128.91,0.0
2023-08-04,141.06,143.63,139.32,139.57,0.0
2023-08-07,140.99,142.54,138.95,142.22,0.0
2023-08-08,140.62,140.84,138.42,139.94,0.0
2023-08-09,139.97,140.32,137.1,137.85,0.0
2023-08-10,139.07,140.41,137.49,138.56,0.0
2023-08-11,137.4,139.33,137.0,138.41,0.0
2023-08-14,138.3,140.59,137.75,140.57,0.0
2023-08-15,140.05,141.28,137.23,137.67,0.0
2023-08-16,137.19,137.27,135.01,135.07,0.0
2023-08-17,135.46,136.09,133.53,133.98,0.0
2023-08-18,131.62,134.07,131.15,133.22,0.0
2023-08-21,133.74,135.19,132.71,134.68,0.0
2023-08-22,135.08,135.65,133.73,134.25,0.0
2023-08-23,134.5,135.95,133.22,135.52,0.0
2023-08-24,136.4,136.78,131.83,131.84,0.0
2023-08-25,132.47,133.87,130.58,133.26,0.0
2023-08-28,133.78,133.95,131.85,133.14,0.0
2023-08-29,133.38,135.14,133.25,134.91,0.0
2023-08-30,134.93,135.68,133.92,135.07,0.0
2023-08-31,135.06,138.79,135.0,138.01,0.0
2023-09-01,139.46,139.96,136.88,138.12,0.0
2023-09-05,137.73,137.8,135.82,137.27,0.0
2023-09-06,136.32,137.45,134.61,135.36,0.0
2023-09-07,133.9,138.03,133.16,137.85,0.0
2023-09-08,136.86,138.85,136.75,138.23,0.0
2023-09-11,138.75,143.62,138.64,143.1,0.0
2023-09-12,142.32,143.0,140.61,141.23,0.0
2023-09-13,140.95,144.98,140.87,144.85,0.0
2023-09-14,145.08,145.86,142.95,144.72,0.0
2023-09-15,142.69,143.57,140.09,140.39,0.0
2023-09-18,140.48,141.75,139.22,139.98,0.0
2023-09-19,138.7,138.84,135.56,137.63,0.0
2023-09-20,138.55,139.37,135.2,135.29,0.0
2023-09-21,131.94,132.24,129.31,129.33,0.0
2023-09-22,131.11,132.03,128.52,129.12,0.0
2023-09-25,129.36,131.78,128.77,131.27,0.0
2023-09-26,130.12,130.39,125.28,125.98,0.0
2023-09-27,125.76,127.48,124.13,125.98,0.0
2023-09-28,124.04,126.58,123.04,125.98,0.0
2023-09-29,128.2,129.15,126.32,127.12,0.0
2023-10-02,127.28,130.47,126.54,129.46,0.0
2023-10-03,128.06,128.52,124.25,124.72,0.0
2023-10-04,126.06,127.36,125.68,127.0,0.0
2023-10-05,126.71,126.73,124.33,125.96,0.0
2023-10-06,124.16,128.45,124.13,127.96,0.0
2023-10-09,126.22,128.79,124.76,128.26,0.0
2023-10-10,128.82,130.74,128.05,129.48,0.0
2023-10-11,129.74,132.05,129.61,131.83,0.0
2023-10-12,132.17,134.48,131.23,132.33,0.0
2023-10-13,132.98,133.31,128.95,129.79,0.0
2023-10-16,130.69,133.07,130.43,132.55,0.0
2023-10-17,130.39,132.58,128.71,131.47,0.0
2023-10-18,129.9,130.67,127.51,128.13,0.0
2023-10-19,130.57,132.24,127.47,128.4,0.0
2023-10-20,128.05,128.17,124.97,125.17,0.0
2023-10-23,124.63,127.88,123.98,126.56,0.0
2023-10-24,127.74,128.8,126.34,128.56,0.0
2023-10-25,126.04,126.34,120.79,121.39,0.0
2023-10-26,120.63,121.64,118.35,119.57,0.0
2023-10-27,126.2,130.02,125.52,127.74,0.0
2023-10-30,129.72,133.0,128.56,132.71,0.0
2023-10-31,132.75,133.57,131.71,133.09,0.0
2023-11-01,133.96,137.35,133.71,137.0,0.0
2023-11-02,138.73,138.81,136.47,138.07,0.0
2023-11-03,138.99,139.49,137.45,138.6,0.0
2023-11-06,138.76,140.73,138.36,139.74,0.0
2023-11-07,140.55,143.37,140.5,142.71,0.0
2023-11-08,142.97,143.12,141.22,142.08,0.0
2023-11-09,142.02,142.65,139.84,140.6,0.0
2023-11-10,140.46,143.65,139.91,143.56,0.0
2023-11-13,142.08,143.23,140.67,142.59,0.0
2023-11-14,145.0,147.26,144.68,145.8,0.0
2023-11-15,147.06,147.29,142.59,143.2,0.0
2023-11-16,140.91,143.32,139.52,142.83,0.0
2023-11-17,142.66,145.23,142.54,145.18,0.0
2023-11-20,145.13,146.63,144.73,146.13,0.0
2023-11-21,143.91,144.05,141.5,143.9,0.0
2023-11-22,144.57,147.74,144.57,146.71,0.0
2023-11-24,146.7,147.2,145.32,146.74,0.0
2023-11-27,147.53,149.26,146.88,147.73,0.0
2023-11-28,146.98,147.6,145.53,147.03,0.0
2023-11-29,147.85,148.54,145.97,146.32,0.0
2023-11-30,144.76,146.93,144.33,146.09,0.0
2023-12-01,146.0,147.25,145.55,147.03,0.0
2023-12-04,145.25,145.35,142.81,144.84,0.0
2023-12-05,143.55,148.57,143.13,146.88,0.0
2023-12-06,147.58,147.85,144.28,144.52,0.0
2023-12-07,146.15,147.92,145.34,146.88,0.0
2023-12-08,145.48,147.84,145.4,147.42,0.0
2023-12-11,145.66,146.19,143.64,145.89,0.0
2023-12-12,145.52,147.5,145.3,147.48,0.0
2023-12-13,148.12,149.46,146.82,148.84,0.0
2023-12-14,149.93,150.54,145.52,147.42,0.0
2023-12-15,148.38,150.57,147.88,149.97,0.0
2023-12-18,150.56,154.85,150.05,154.07,0.0
2023-12-19,154.4,155.12,152.69,153.79,0.0
2023-12-20,152.9,155.63,151.56,152.12,0.0
2023-12-21,153.3,153.97,152.1,153.84,0.0
2023-12-22,153.77,154.35,152.71,153.42,0.0
2023-12-26,153.56,153.98,153.03,153.41,0.0
2023-12-27,153.56,154.78,153.12,153.34,0.0
2023-12-28,153.72,154.08,152.95,153.38,0.0
2023-12-29,153.1,153.89,151.03,151.94,0.0
2024-01-02,151.54,152.38,148.39,149.93,0.0
2024-01-03,149.2,151.05,148.33,148.47,0.0
2024-01-04,145.59,147.38,144.05,144.57,0.0
2024-01-05,144.69,146.59,144.53,145.24,0.0
2024-01-08,146.74,149.4,146.15,149.1,0.0
2024-01-09,148.33,151.71,148.21,151.37,0.0
2024-01-10,152.06,154.42,151.88,153.73,0.0
2024-01-11,155.04,157.17,153.12,155.18,0.0
2024-01-12,155.39,156.2,154.01,154.62,0.0
2024-01-16,153.53,154.99,152.15,153.16,0.0
2024-01-17,151.49,152.15,149.91,151.71,0.0
2024-01-18,152.77,153.78,151.82,153.5,0.0
2024-01-19,153.83,155.76,152.74,155.34,0.0
2024-01-22,156.89,157.05,153.9,154.78,0.0
2024-01-23,154.85,156.21,153.93,156.02,0.0
2024-01-24,157.8,158.51,156.48,156.87,0.0
2024-01-25,156.95,158.51,154.55,157.75,0.0
2024-01-26,158.42,160.72,157.91,159.12,0.0
2024-01-29,159.34,161.29,158.9,161.26,0.0
2024-01-30,160.7,161.73,158.49,159.0,0.0
2024-01-31,157.0,159.01,154.81,155.2,0.0
2024-02-01,155.87,159.76,155.62,159.28,0.0
2024-02-02,169.19,172.5,167.33,171.81,0.0
2024-02-05,170.2,170.55,167.7,170.31,0.0
2024-02-06,169.39,170.71,167.65,169.15,0.0
2024-02-07,169.48,170.88,168.94,170.53,0.0
2024-02-08,169.65,171.43,168.88,169.84,0.0
2024-02-09,170.9,175.0,170.58,174.45,0.0
2024-02-12,174.8,175.39,171.54,172.34,0.0
2024-02-13,167.73,170.95,165.75,168.64,0.0
2024-02-14,169.21,171.21,168.28,170.98,0.0
2024-02-15,170.58,171.17,167.59,169.8,0.0
2024-02-16,168.74,170.42,167.17,169.51,0.0
2024-02-20,167.83,168.71,165.74,167.08,0.0
2024-02-21,168.94,170.23,167.14,168.59,0.0
2024-02-22,173.1,174.8,171.77,174.58,0.0
2024-02-23,174.28,175.75,173.7,174.99,0.0
2024-02-26,175.7,176.37,174.26,174.73,0.0
2024-02-27,174.08,174.62,172.86,173.54,0.0
2024-02-28,172.44,174.05,172.27,173.16,0.0
2024-02-29,173.01,177.22,172.85,176.76,0.0
2024-03-01,176.75,178.73,176.07,178.22,0.0
2024-03-04,177.53,180.14,177.49,177.58,0.0
2024-03-05,176.93,176.93,173.3,174.12,0.0
2024-03-06,175.54,176.46,173.26,173.51,0.0
2024-03-07,174.83,177.99,173.72,176.82,0.0
2024-03-08,176.44,178.79,174.33,175.35,0.0
2024-03-11,174.31,174.47,171.47,171.96,0.0
2024-03-12,173.5,176.76,171.98,175.39,0.0
2024-03-13,175.9,177.62,175.55,176.56,0.0
2024-03-14,177.69,179.53,176.47,178.75,0.0
2024-03-15,176.64,177.93,173.9,174.42,0.0
2024-03-18,175.8,176.69,174.28,174.48,0.0
2024-03-19,174.22,176.09,173.52,175.9,0.0
2024-03-20,176.14,178.53,174.64,178.15,0.0
2024-03-21,179.99,181.42,178.15,178.15,0.0
2024-03-22,177.75,179.26,176.75,178.87,0.0
2024-03-25,178.01,180.99,177.24,179.71,0.0
2024-03-26,180.15,180.45,177.95,178.3,0.0
2024-03-27,179.88,180.0,177.31,179.83,0.0
2024-03-28,180.17,181.7,179.26,180.38,0.0
2024-04-01,180.79,183.0,179.95,180.97,0.0
2024-04-02,179.07,180.79,178.38,180.69,0.0
2024-04-03,179.9,182.87,179.8,182.41,0.0
2024-04-04,184.0,185.1,180.0,180.0,0.0
2024-04-05,182.38,186.27,181.97,185.07,0.0
2024-04-08,186.9,187.29,184.81,185.19,0.0
2024-04-09,187.24,187.34,184.2,185.67,0.0
2024-04-10,182.77,186.27,182.67,185.95,0.0
2024-04-11,186.74,189.77,185.51,189.05,0.0
2024-04-12,187.72,188.38,185.08,186.13,0.0
2024-04-15,187.43,188.69,183.0,183.62,0.0
2024-04-16,183.27,184.83,182.26,183.32,0.0
2024-04-17,184.31,184.57,179.82,181.28,0.0
2024-04-18,181.47,182.39,178.65,179.22,0.0
2024-04-19,178.74,179.0,173.44,174.63,0.0
2024-04-22,176.94,178.87,174.56,177.23,0.0
2024-04-23,178.08,179.93,175.98,179.54,0.0
2024-04-24,179.94,180.32,176.18,176.59,0.0
2024-04-25,169.68,173.92,166.32,173.67,0.0
2024-04-26,177.8,180.82,176.13,179.62,0.0
2024-04-29,182.75,183.53,179.39,180.96,0.0
2024-04-30,181.09,182.99,174.8,175.0,0.0
2024-05-01,181.64,185.15,176.56,179.0,0.0
2024-05-02,180.85,185.1,179.91,184.72,0.0
2024-05-03,186.99,187.87,185.42,186.21,0.0
2024-05-06,186.28,188.75,184.8,188.7,0.0
2024-05-07,188.92,189.94,187.31,188.76,0.0
2024-05-08,187.44,188.43,186.39,188.0,0.0
2024-05-09,188.88,191.7,187.44,189.5,0.0
2024-05-10,189.16,189.89,186.93,187.48,0.0
2024-05-13,188.0,188.31,185.36,186.57,0.0
2024-05-14,183.82,187.72,183.45,187.07,0.0
2024-05-15,185.97,186.72,182.73,185.99,0.0
2024-05-16,185.6,187.31,183.46,183.63,0.0
2024-05-17,183.76,185.3,183.35,184.7,0.0
2024-05-20,184.34,186.67,183.28,183.54,0.0
2024-05-21,182.3,183.26,180.75,183.15,0.0
2024-05-22,183.88,185.22,181.97,183.13,0.0
2024-05-23,183.66,184.76,180.08,181.05,0.0
2024-05-24,181.65,182.44,180.3,180.75,0.0
2024-05-28,179.93,182.24,179.49,182.15,0.0
2024-05-29,181.7,184.08,181.55,182.02,0.0
2024-05-30,181.31,181.34,178.36,179.32,0.0
2024-05-31,178.3,179.21,173.87,176.44,0.0
2024-06-03,177.7,178.7,175.92,178.34,0.0
2024-06-04,177.64,179.82,176.44,179.34,0.0
2024-06-05,180.1,181.5,178.75,181.28,0.0
2024-06-06,181.75,185.0,181.49,185.0,0.0
2024-06-07,184.9,186.29,183.36,184.3,0.0
2024-06-10,184.07,187.23,183.79,187.06,0.20
2024-06-11,187.06,187.77,184.54,187.23,0.0
2024-06-12,188.02,188.35,185.43,186.89,0.0
2024-06-13,186.09,187.67,182.67,183.83,0.0
2024-06-14,183.08,183.72,182.23,183.66,0.0
2024-06-17,182.52,185.0,181.22,184.06,0.0
2024-06-18,183.74,184.29,181.43,182.81,0.0
2024-06-20,182.91,186.51,182.72,186.1,0.0
2024-06-21,187.8,189.28,185.86,189.08,0.0
2024-06-24,189.33,191.0,185.33,185.57,0.0
2024-06-25,186.81,188.84,185.42,186.34,0.0
2024-06-26,186.92,194.8,186.26,193.61,0.0
2024-06-27,195.01,199.84,194.2,197.85,0.0
2024-06-28,197.73,198.85,192.5,193.25,0.0
2024-07-01,193.49,198.3,192.82,197.2,0.0
2024-07-02,197.28,200.43,195.93,200.0,0.0
2024-07-03,199.94,200.03,196.76,197.59,0.0
2024-07-05,198.65,200.55,198.17,200.0,0.0
2024-07-08,200.04,201.2,197.96,199.29,0.0
2024-07-09,199.4,200.57,199.05,199.34,0.0
2024-07-10,200.0,200.11,197.69,199.79,0.0
2024-07-11,200.09,200.27,192.86,195.05,0.0
2024-07-12,194.8,196.47,193.83,194.49,0.0
2024-07-15,194.56,196.19,190.83,192.72,0.0
2024-07-16,195.59,196.62,192.24,193.02,0.0
2024-07-17,191.35,191.58,185.99,187.93,0.0
2024-07-18,189.59,189.68,181.45,183.75,0.0
2024-07-19,181.14,184.93,180.11,183.13,0.0
2024-07-22,185.0,185.06,182.48,182.55,0.0
2024-07-23,184.1,189.39,183.56,186.41,0.0
2024-07-24,183.2,185.45,180.41,180.83,0.0
2024-07-25,182.91,183.9,176.8,179.85,0.0
2024-07-26,180.39,183.19,180.24,182.5,0.0
2024-07-29,183.84,184.75,182.38,183.2,0.0
2024-07-30,184.72,185.86,179.38,181.71,0.0
2024-07-31,185.05,187.94,184.46,186.98,0.0
2024-08-01,189.29,190.6,181.87,184.07,0.0
2024-08-02,166.75,168.77,160.55,167.9,0.0
2024-08-05,154.21,162.96,151.61,161.02,0.0
2024-08-06,161.71,165.08,158.54,161.93,0.0
2024-08-07,166.55,167.58,161.43,162.77,0.0
2024-08-08,165.17,166.69,162.55,165.8,0.0
2024-08-09,166.4,168.55,165.85,166.94,0.0
2024-08-12,168.14,168.55,166.11,166.8,0.0
2024-08-13,167.81,171.04,167.1,170.23,0.0
2024-08-14,172.11,172.28,168.86,170.1,0.0
2024-08-15,174.86,177.91,173.99,177.59,0.0
2024-08-16,177.04,178.34,176.26,177.06,0.0
2024-08-19,177.64,178.3,176.16,178.22,0.0
2024-08-20,177.92,179.01,177.43,178.88,0.0
2024-08-21,179.92,182.39,178.89,180.11,0.0
2024-08-22,181.38,181.47,175.68,176.13,0.0
2024-08-23,177.34,178.97,175.24,177.04,0.0
2024-08-26,176.7,177.47,174.3,175.5,0.0
2024-08-27,174.15,174.89,172.25,173.12,0.0
2024-08-28,173.69,173.69,168.92,170.8,0.0
2024-08-29,173.22,174.29,170.81,172.12,0.0
2024-08-30,172.78,178.9,172.6,178.5,0.0
2024-09-03,177.55,178.26,175.26,176.25,0.0
2024-09-04,174.48,175.98,172.54,173.33,0.0
2024-09-05,175.0,179.88,175.0,177.89,0.0
2024-09-06,177.24,178.38,171.16,171.39,0.0
2024-09-09,174.53,175.85,173.51,175.4,0.20
2024-09-10,177.49,180.5,176.79,179.55,0.0
2024-09-11,180.1,184.99,175.73,184.52,0.0
2024-09-12,184.8,187.41,183.54,187.0,0.0
2024-09-13,187.0,188.5,185.91,186.49,0.0
2024-09-16,185.29,185.81,183.36,184.89,0.0
2024-09-17,186.85,189.45,186.14,186.88,0.0
2024-09-18,186.45,188.8,185.06,186.43,0.0
2024-09-19,190.04,190.99,188.47,189.87,0.0
2024-09-20,190.23,191.84,187.41,191.6,0.0
2024-09-23,191.64,194.45,190.57,193.88,0.0
2024-09-24,194.27,195.37,190.13,193.96,0.0
2024-09-25,193.75,193.95,192.16,192.53,0.0
2024-09-26,194.31,194.53,189.54,191.16,0.0
2024-09-27,190.68,190.9,187.34,187.97,0.0
2024-09-30,187.14,188.49,184.65,186.33,0.0
2024-10-01,184.9,186.19,183.45,185.13,0.0
2024-10-02,184.44,186.6,184.04,184.76,0.0
2024-10-03,183.05,183.44,180.88,181.96,0.0
2024-10-04,185.75,187.6,183.6,186.51,0.0
2024-10-07,182.95,183.6,180.25,180.8,0.0
2024-10-08,181.92,183.09,180.92,182.72,0.0
2024-10-09,182.82,185.85,182.05,185.17,0.0
2024-10-10,187.13,188.13,185.83,186.65,0.0
2024-10-11,186.63,189.93,186.3,188.82,0.0
2024-10-14,189.78,189.83,187.36,187.54,0.0
2024-10-15,187.63,188.41,184.58,187.69,0.0
2024-10-16,187.05,187.78,185.61,186.89,0.0
2024-10-17,188.22,188.94,186.0,187.53,0.0
2024-10-18,187.15,190.74,186.28,188.99,0.0
2024-10-21,188.05,189.46,186.4,189.07,0.0
2024-10-22,188.35,191.52,186.98,189.7,0.0
2024-10-23,188.85,189.16,183.69,184.71,0.0
2024-10-24,185.25,187.11,183.86,186.38,0.0
2024-10-25,187.85,190.45,187.53,187.83,0.0
2024-10-28,189.57,190.21,188.21,188.39,0.0
2024-10-29,188.58,191.46,187.82,190.83,0.0
2024-10-30,194.7,195.61,192.42,192.73,0.0
2024-10-31,190.51,190.6,185.23,186.4,0.0
2024-11-01,199.0,200.5,197.02,197.93,0.0
2024-11-04,196.45,197.33,194.31,195.78,0.0
2024-11-05,196.04,199.82,195.99,199.5,0.0
2024-11-06,200.01,207.55,199.14,207.09,0.0
2024-11-07,207.44,212.25,207.19,210.05,0.0
2024-11-08,209.72,209.96,207.44,208.18,0.0
2024-11-11,208.5,209.65,205.59,206.84,0.0
2024-11-12,208.37,209.54,206.01,208.91,0.0
2024-11-13,209.4,215.09,209.14,214.1,0.0
2024-11-14,214.16,215.9,210.88,211.48,0.0
2024-11-15,206.76,207.34,199.61,202.61,0.0
2024-11-18,204.15,204.67,200.95,201.7,0.0
2024-11-19,199.33,205.3,198.78,204.61,0.0
2024-11-20,202.98,203.13,199.45,202.88,0.0
2024-11-21,203.49,203.49,195.75,198.38,0.0
2024-11-22,198.25,199.26,196.75,197.12,0.0
2024-11-25,199.28,201.95,199.0,201.45,0.0
2024-11-26,201.9,208.0,201.79,207.86,0.0
2024-11-27,206.98,207.64,205.05,205.74,0.0
2024-11-29,205.83,208.2,204.59,207.89,0.0
2024-12-02,209.96,212.99,209.51,210.71,0.0
2024-12-03,210.31,214.02,209.65,213.44,0.0
2024-12-04,215.96,220.0,215.75,218.16,0.0
2024-12-05,218.03,222.15,217.3,220.55,0.0
2024-12-06,220.75,227.15,220.6,227.03,0.0
2024-12-09,227.21,230.08,225.67,226.09,0.20
2024-12-10,226.09,229.06,224.2,225.04,0.0
2024-12-11,226.41,231.2,226.26,230.26,0.0
2024-12-12,229.83,231.09,227.63,228.97,0.0
2024-12-13,228.4,230.2,225.86,227.46,0.0
2024-12-16,230.23,233.0,228.01,232.93,0.0
2024-12-17,232.39,232.73,227.85,231.15,0.0
2024-12-18,230.77,231.4,220.11,220.52,0.0
2024-12-19,224.91,226.09,222.92,223.29,0.0
2024-12-20,219.84,226.21,218.73,224.92,0.0
2024-12-23,225.01,226.88,223.9,225.06,0.0
2024-12-24,226.94,229.14,226.13,229.05,0.0
2024-12-26,228.5,228.5,226.67,227.05,0.0
2024-12-27,225.6,226.03,220.9,223.75,0.0
2024-12-30,220.06,223.0,218.43,221.3,0.0
2024-12-31,222.97,223.23,218.94,219.39,0.0
2025-01-02,222.03,225.15,218.19,220.22,0.0
2025-01-03,222.51,225.36,221.62,224.19,0.0
2025-01-06,226.78,228.84,224.84,227.61,0.0
2025-01-07,227.9,228.38,221.46,222.11,0.0
2025-01-08,223.19,223.52,220.2,222.13,0.0
2025-01-10,221.46,221.71,216.5,218.94,0.0
2025-01-13,218.06,219.4,216.47,218.46,0.0
2025-01-14,220.44,221.82,216.2,217.76,0.0
2025-01-15,222.83,223.57,220.75,223.35,0.0
2025-01-16,224.42,224.65,220.31,220.66,0.0
2025-01-17,225.84,226.51,223.08,225.94,0.0
2025-01-21,228.9,231.78,226.94,230.71,0.0
2025-01-22,232.02,235.44,231.19,235.01,0.0
2025-01-23,234.1,235.52,231.51,235.42,0.0
2025-01-24,234.5,236.4,232.93,234.85,0.0
2025-01-27,226.21,235.61,225.86,235.42,0.0
2025-01-28,234.29,241.77,233.98,238.15,0.0
2025-01-29,239.02,240.39,236.15,237.07,0.0
2025-01-30,237.14,237.95,232.22,234.64,0.0
2025-01-31,236.5,240.29,236.41,237.68,0.0
2025-02-03,234.06,239.25,232.9,237.42,0.0
2025-02-04,239.01,242.52,238.03,242.06,0.0
2025-02-05,237.02,238.32,235.2,236.17,0.0
2025-02-06,238.01,239.66,236.01,238.83,0.0
2025-02-07,232.5,234.81,228.06,229.15,0.0
2025-02-10,230.55,233.92,229.2,233.14,0.0
2025-02-11,231.92,233.44,230.13,232.76,0.0
2025-02-12,230.46,231.18,228.16,228.93,0.0
2025-02-13,228.85,230.42,227.52,230.37,0.0
2025-02-14,229.2,229.89,227.23,228.68,0.0
2025-02-18,228.82,229.3,223.72,226.65,0.0
2025-02-19,225.52,226.83,223.71,226.63,0.0
2025-02-20,224.78,225.13,221.81,222.88,0.0
2025-02-21,223.28,223.31,214.74,216.58,0.0
2025-02-24,217.45,217.72,212.42,212.71,0.0
2025-02-25,211.63,213.34,204.16,212.8,0.0
2025-02-26,214.94,218.16,213.09,214.35,0.0
2025-02-27,218.35,219.97,208.37,208.74,0.0
2025-02-28,208.65,212.62,206.99,212.28,0.0
2025-03-03,213.35,214.01,202.55,205.02,0.0
2025-03-04,200.11,206.8,197.43,203.8,0.0
2025-03-05,204.8,209.98,203.26,208.36,0.0
2025-03-06,204.4,205.77,198.3,200.7,0.0
2025-03-07,199.49,202.27,192.53,199.25,0.0
2025-03-10,195.6,196.73,190.85,194.54,0.20
2025-03-11,193.9,200.18,193.4,196.59,0.0
2025-03-12,200.72,201.52,195.29,198.89,0.0
2025-03-13,198.17,198.88,191.82,193.89,0.0
2025-03-14,197.41,198.65,195.32,197.95,0.0
2025-03-17,198.77,199.0,194.32,195.74,0.0
2025-03-18,192.52,194.0,189.38,192.82,0.0
2025-03-19,193.38,195.97,191.96,195.54,0.0
2025-03-20,193.07,199.32,192.3,194.95,0.0
2025-03-21,192.9,196.99,192.52,196.21,0.0
2025-03-24,200.0,203.64,199.95,203.26,0.0
2025-03-25,203.6,206.21,203.22,205.71,0.0
2025-03-26,205.84,206.01,199.93,201.13,0.0
2025-03-27,200.89,203.79,199.28,201.36,0.0
2025-03-28,198.42,199.26,191.88,192.72,0.0
2025-03-31,188.19,191.33,184.4,190.26,0.0
2025-04-01,187.86,193.93,187.2,192.17,0.0
2025-04-02,187.66,198.34,187.66,196.01,0.0
2025-04-03,183.0,184.13,176.92,178.41,0.0
2025-04-04,167.15,178.14,166.0,171.0,0.0
2025-04-07,162.0,183.41,161.38,175.26,0.0
2025-04-08,185.23,185.9,168.57,170.66,0.0
2025-04-09,172.12,192.65,169.93,191.1,0.0
2025-04-10,185.44,186.87,175.85,181.22,0.0
2025-04-11,179.93,185.86,178.0,184.87,0.0
2025-04-14,186.84,187.44,179.23,182.12,0.0
2025-04-15,181.41,182.35,177.93,179.59,0.0
2025-04-16,176.29,179.1,171.41,174.33,0.0
2025-04-17,176.0,176.21,172.0,172.61,0.0
2025-04-21,169.6,169.6,165.29,167.32,0.0
2025-04-22,169.85,176.78,169.35,173.18,0.0
2025-04-23,183.45,187.38,180.19,180.6,0.0
2025-04-24,180.92,186.74,180.18,186.54,0.0
2025-04-25,187.62,189.94,185.49,188.99,0.0
2025-04-28,190.11,190.22,184.89,187.7,0.0
2025-04-29,183.99,188.02,183.68,187.39,0.0
2025-04-30,182.17,185.05,178.85,184.42,0.0
2025-05-01,190.63,191.81,187.5,190.2,0.0
2025-05-02,191.44,192.88,186.4,189.98,0.0
2025-05-05,186.51,188.18,185.53,186.35,0.0
2025-05-06,184.57,187.93,183.85,185.01,0.0
2025-05-07,185.56,190.99,185.01,188.71,0.0
2025-05-08,191.43,194.33,188.82,192.08,0.0
2025-05-09,193.38,194.69,191.16,193.06,0.0
2025-05-12,210.71,211.66,205.75,208.64,0.0
2025-05-13,211.08,214.84,210.1,211.37,0.0
2025-05-14,211.45,211.93,208.85,210.25,0.0
2025-05-15,206.45,206.88,202.67,205.17,0.0
2025-05-16,206.85,206.85,204.37,205.59,0.0
2025-05-19,201.65,206.62,201.26,206.16,0.0
2025-05-20,204.63,205.59,202.65,204.07,0.0
2025-05-21,201.61,203.46,200.06,201.12,0.0
2025-05-22,201.38,205.76,200.16,203.1,0.0
2025-05-23,198.9,202.37,197.85,200.99,0.0
2025-05-27,203.09,206.69,202.19,206.02,0.0
2025-05-28,205.92,207.66,204.41,204.72,0.0
2025-05-29,208.03,208.81,204.23,205.7,0.0
2025-05-30,204.84,205.99,201.7,205.01,0.0
2025-06-02,204.98,207.0,202.68,206.65,0.0
2025-06-03,207.11,208.95,205.03,205.71,0.0
2025-06-04,206.55,208.18,205.18,207.23,0.0
2025-06-05,209.55,212.81,207.56,207.91,0.0
2025-06-06,212.4,213.87,210.5,213.57,0.0
2025-06-09,214.75,217.85,212.88,216.98,0.20
2025-06-10,216.78,217.69,214.15,217.61,0.0
2025-06-11,217.41,218.4,212.89,213.2,0.0
2025-06-12,211.78,213.58,211.33,213.24,0.0
2025-06-13,209.96,214.05,209.62,212.1,0.0
2025-06-16,212.31,217.06,211.6,216.1,0.0
2025-06-17,215.2,217.41,214.56,214.82,0.0
2025-06-18,215.09,217.96,212.34,212.52,0.0
2025-06-20,214.68,214.89,208.27,209.69,0.0
2025-06-23,209.79,210.39,207.31,208.47,0.0
2025-06-24,212.14,214.34,211.05,212.77,0.0
2025-06-25,214.62,216.03,211.11,211.99,0.0
2025-06-26,213.12,218.04,212.01,217.12,0.0
2025-06-27,219.92,223.3,216.74,223.3,0.0
2025-06-30,223.52,223.82,219.12,219.39,0.0
2025-07-01,219.5,221.88,217.93,220.46,0.0
2025-07-02,219.73,221.6,219.06,219.92,0.0
2025-07-03,221.82,224.01,221.36,223.41,0.0
2025-07-07,223.0,224.29,222.37,223.47,0.0
2025-07-08,223.92,224.0,218.43,219.36,0.0
2025-07-09,221.07,224.29,220.47,222.54,0.0
2025-07-10,221.55,222.79,219.7,222.26,0.0
2025-07-11,223.58,226.68,222.37,225.02,0.0
2025-07-14,225.07,226.66,224.24,225.69,0.0
2025-07-15,226.2,227.27,225.46,226.35,0.0
2025-07-16,225.88,226.1,222.18,223.19,0.0
2025-07-17,223.32,224.5,222.51,223.88,0.0
2025-07-18,225.14,226.4,222.98,226.13,0.0
2025-07-21,225.84,229.69,225.65,229.3,0.0
2025-07-22,229.68,230.0,226.35,227.47,0.0
2025-07-23,228.47,228.79,227.09,228.29,0.0
2025-07-24,229.17,236.0,228.64,232.23,0.0
2025-07-25,232.22,232.48,231.18,231.44,0.0
2025-07-28,233.35,234.29,232.25,232.79,0.0
2025-07-29,234.15,234.72,230.31,231.01,0.0
2025-07-30,231.64,231.8,229.29,230.19,0.0
2025-07-31,235.77,236.53,231.4,234.11,0.0
2025-08-01,217.21,220.44,212.8,214.75,0.0
2025-08-04,217.4,217.44,211.42,211.65,0.0
2025-08-05,213.05,216.3,212.87,213.75,0.0
2025-08-06,214.7,222.65,213.74,222.31,0.0
2025-08-07,221.0,226.22,220.82,223.13,0.0
2025-08-08,223.14,223.8,221.88,222.69,0.0
2025-08-11,221.78,223.05,220.4,221.3,0.0
2025-08-12,222.23,223.5,219.05,221.47,0.0
2025-08-13,222.0,224.92,222.0,224.56,0.0
2025-08-14,227.4,233.11,227.02,230.98,0.0
2025-08-15,232.58,234.08,229.81,231.03,0.0
2025-08-18,230.23,231.91,228.33,231.49,0.0
2025-08-19,230.09,230.53,227.12,228.01,0.0
2025-08-20,227.12,227.27,220.92,223.81,0.0
2025-08-21,222.65,222.78,220.5,221.95,0.0
2025-08-22,222.79,229.14,220.82,228.84,0.0
2025-08-25,227.35,229.6,227.31,227.94,0.0
2025-08-26,227.11,229.0,226.02,228.71,0.0
2025-08-27,228.57,229.87,227.81,229.12,0.0
2025-08-28,229.01,232.71,228.02,231.6,0.0
2025-08-29,231.32,231.81,228.16,229.0,0.0
2025-09-02,223.52,226.17,221.83,225.34,0.0
2025-09-03,225.21,227.17,224.36,225.99,0.0
2025-09-04,231.19,235.77,230.78,235.68,0.0
2025-09-05,235.19,236.0,231.93,232.33,0.0
2025-09-08,234.94,237.6,233.75,235.84,0.21
2025-09-09,236.36,238.85,235.08,238.24,0.0
2025-09-10,237.52,237.68,229.1,230.33,0.0
2025-09-11,231.49,231.53,229.34,229.95,0.0
2025-09-12,230.35,230.79,226.29,228.15,0.0
2025-09-15,230.63,233.73,230.32,231.43,0.0
2025-09-16,232.94,235.9,232.23,234.05,0.0
2025-09-17,233.77,234.3,228.71,231.62,0.0
2025-09-18,232.5,233.48,228.79,231.23,0.0
2025-09-19,232.37,234.16,229.7,231.48,0.0
2025-09-22,230.56,230.57,227.51,227.63,0.0
2025-09-23,227.83,227.86,220.07,220.71,0.0
2025-09-24,224.15,224.56,219.45,220.21,0.0
2025-09-25,220.06,220.67,216.47,218.15,0.0
2025-09-26,219.08,221.05,218.02,219.78,0.0
2025-09-29,220.08,222.6,219.3,222.17,0.0
2025-09-30,222.03,222.24,217.89,219.57,0.0
2025-10-01,217.36,222.15,216.61,220.63,0.0
2025-10-02,221.01,222.81,218.95,222.41,0.0
2025-10-03,223.44,224.2,219.34,219.51,0.0
2025-10-06,221.0,221.73,216.03,220.9,0.0
2025-10-07,220.88,222.89,220.17,221.78,0.0
2025-10-08,222.92,226.73,221.19,225.22,0.0
2025-10-09,225.0,228.21,221.75,227.74,0.0
2025-10-10,226.21,228.25,216.0,216.37,0.0
2025-10-13,217.7,220.68,217.04,220.07,0.0
2025-10-14,215.56,219.32,212.6,216.39,0.0
2025-10-15,216.62,217.71,212.66,215.57,0.0
2025-10-16,215.67,218.59,212.81,214.47,0.0
2025-10-17,214.56,214.8,211.03,213.04,0.0
2025-10-20,213.88,216.69,213.59,216.48,0.0
2025-10-21,218.43,223.32,217.99,222.03,0.0
2025-10-22,219.3,220.01,216.52,217.95,0.0
2025-10-23,219.0,221.3,218.18,221.09,0.0
2025-10-24,221.97,225.4,221.9,224.21,0.0
2025-10-27,227.66,228.4,225.54,226.97,0.0
2025-10-28,228.22,231.49,226.21,229.25,0.0
2025-10-29,231.67,232.82,227.76,230.3,0.0
2025-10-30,227.06,228.44,222.75,222.86,0.0
2025-10-31,250.1,250.5,243.98,244.22,0.0
2025-11-03,255.36,258.6,252.9,254.0,0.0
2025-11-04,250.38,257.01,248.66,249.32,0.0
2025-11-05,249.03,251.0,246.16,250.2,0.0
2025-11-06,249.16,250.38,242.17,243.04,0.0
2025-11-07,242.9,244.9,238.49,244.41,0.0
2025-11-10,248.34,251.75,245.59,248.4,0.0
2025-11-11,248.41,249.75,247.23,249.1,0.0
2025-11-12,250.24,250.37,243.75,244.2,0.0
2025-11-13,243.05,243.75,236.5,237.58,0.0
2025-11-14,235.06,238.73,232.89,234.69,0.0
2025-11-17,233.25,234.6,229.19,232.87,0.0
2025-11-18,228.1,230.2,222.42,222.55,0.0
2025-11-19,223.74,223.74,218.52,222.69,0.0
2025-11-20,227.05,227.41,216.74,217.14,0.0
2025-11-21,216.35,222.21,215.18,220.69,0.0
2025-11-24,222.56,227.33,222.27,226.28,0.0
2025-11-25,226.38,230.52,223.8,229.67,0.0
2025-11-26,230.74,231.75,228.77,229.16,0.0
2025-11-28,231.24,233.29,230.22,233.22,0.0
2025-12-01,233.22,235.8,232.25,233.88,0.0
2025-12-02,235.01,238.97,233.55,234.42,0.0
2025-12-03,233.35,233.38,230.61,232.38,0.0
2025-12-04,232.77,233.5,226.8,229.11,0.0
2025-12-05,230.32,231.24,228.55,229.53,0.0
2025-12-08,229.59,230.83,226.27,226.89,0.21
2025-12-09,226.84,228.57,225.11,227.92,0.0
2025-12-10,228.81,232.42,228.46,231.78,0.0
2025-12-11,230.71,232.11,228.69,230.28,0.0
2025-12-12,229.87,230.08,225.12,226.19,0.0
2025-12-15,227.93,227.93,221.5,222.54,0.0
2025-12-16,223.04,223.66,221.13,222.56,0.0
2025-12-17,224.66,225.19,220.99,221.27,0.0
2025-12-18,225.71,229.23,224.41,226.76,0.0
2025-12-19,226.76,229.13,225.58,227.35,0.0
2025-12-22,228.61,229.48,226.71,228.43,0.0
2025-12-23,229.06,232.45,228.73,232.14,0.0
2025-12-24,232.13,232.95,231.33,232.38,0.0
2025-12-26,232.04,232.99,231.18,232.52,0.0
2025-12-29,231.94,232.6,230.77,232.07,0.0
2025-12-30,231.21,232.77,230.2,232.53,0.0
2025-12-31,232.91,232.99,230.12,230.82,0.0
2026-01-02,231.34,235.46,224.7,226.5,0.0
2026-01-05,228.84,234.0,227.18,233.06,0.0
2026-01-06,232.1,243.18,232.07,240.93,0.0
2026-01-07,239.61,245.29,239.52,241.56,0.0
2026-01-08,243.06,246.41,241.88,246.29,0.0
2026-01-09,244.57,247.86,242.24,247.38,0.0
2026-01-12,246.73,248.94,245.96,246.47,0.0
2026-01-13,246.53,247.66,240.25,242.6,0.0
2026-01-14,241.15,241.28,236.22,236.65,0.0
2026-01-15,239.31,240.65,236.63,238.18,0.0
2026-01-16,239.09,239.57,236.41,239.12,0.0
2026-01-20,233.76,235.09,229.34,231.0,0.0
2026-01-21,231.09,232.3,226.88,231.31,0.0
2026-01-22,234.05,235.72,230.9,234.34,0.0
2026-01-23,234.96,240.45,234.57,239.16,0.0
2026-01-26,239.98,240.95,237.54,238.42,0.0
2026-01-27,239.69,244.88,238.08,244.68,0.0
2026-01-28,246.37,247.78,241.53,243.01,0.0
2026-01-29,242.82,243.0,236.74,241.73,0.0
2026-01-30,239.89,243.32,237.64,239.3,0.0
2026-02-02,238.31,245.63,238.17,242.96,0.0
2026-02-03,244.98,246.35,235.45,238.62,0.0
2026-02-04,238.86,238.86,231.82,232.99,0.0
2026-02-05,224.91,226.31,220.38,222.69,0.0
2026-02-06,202.7,211.44,200.31,210.32,0.0
2026-02-09,208.97,212.81,203.35,208.72,0.0
2026-02-10,208.8,212.65,206.41,206.96,0.0
2026-02-11,208.06,208.57,202.49,204.08,0.0
2026-02-12,203.96,203.96,197.56,199.6,0.0
2026-02-13,198.88,201.16,197.28,198.79,0.0
2026-02-17,198.13,201.74,196.0,201.15,0.0
2026-02-18,202.07,206.86,201.51,204.79,0.0
2026-02-19,203.8,205.64,202.81,204.86,0.0
2026-02-20,204.76,211.17,203.75,210.11,0.0
2026-02-23,208.1,208.43,203.11,205.27,0.0
2026-02-24,205.47,210.36,203.25,208.56,0.0
2026-02-25,210.46,211.59,208.93,210.64,0.0
2026-02-26,210.73,211.05,205.35,207.92,0.0
2026-02-27,206.83,210.33,205.2,210.0,0.0
2026-03-02,204.55,209.73,203.46,208.39,0.0
2026-03-03,203.1,209.18,202.48,208.73,0.0
2026-03-04,210.47,217.54,210.15,216.82,0.0
2026-03-05,215.98,220.47,215.59,218.94,0.0
2026-03-06,214.99,217.32,212.53,213.21,0.0
2026-03-09,210.45,213.82,207.11,213.49,0.21
2026-03-10,214.19,215.65,212.43,214.33,0.0
2026-03-11,215.71,217.0,211.35,212.65,0.0
2026-03-12,210.39,211.71,208.15,209.53,0.0
2026-03-13,209.61,210.56,206.22,207.67,0.0
2026-03-16,208.35,212.72,207.45,211.74,0.0
2026-03-17,212.82,215.7,212.43,215.2,0.0
2026-03-18,213.93,215.14,208.83,209.87,0.0
2026-03-19,207.06,209.12,206.05,208.76,0.0
2026-03-20,207.4,207.54,204.32,205.37,0.0
2026-03-23,209.79,212.8,209.51,210.14,0.0
2026-03-24,207.95,209.35,206.64,207.24,0.0
2026-03-25,211.56,213.07,209.9,211.71,0.0
2026-03-26,210.61,212.89,207.12,207.54,0.0
2026-03-27,206.46,206.6,199.14,199.34,0.0
2026-03-30,201.48,203.8,199.98,200.95,0.0
2026-03-31,204.85,210.28,204.14,208.27,0.0
2026-04-01,210.44,213.58,208.19,210.57,0.0
2026-04-02,206.54,212.21,204.9,209.77,0.0
2026-04-06,209.8,212.95,209.59,212.79,0.0
2026-04-07,211.24,213.97,209.08,213.77,0.0
2026-04-08,223.79,226.1,219.62,221.25,0.0
2026-04-09,225.23,233.8,223.27,233.65,0.0
2026-04-10,235.3,240.43,235.21,238.38,0.0
2026-04-13,237.45,240.0,235.75,239.89,0.0
2026-04-14,241.78,252.18,241.78,249.02,0.0
2026-04-15,249.25,250.44,247.2,248.5,0.0
2026-04-16,248.51,250.0,244.2,249.7,0.0
2026-04-17,254.99,256.18,250.11,250.56,0.0
2026-04-20,249.19,250.18,245.37,248.28,0.0
2026-04-21,255.09,255.09,249.1,249.91,0.0
2026-04-22,252.44,255.94,250.33,255.36,0.0
2026-04-23,255.39,258.79,253.07,255.08,0.0
2026-04-24,259.98,264.5,257.69,263.99,0.0
2026-04-27,263.46,264.15,260.34,261.12,0.0
2026-04-28,258.39,261.03,256.63,259.7,0.0
2026-04-29,257.99,265.91,257.7,263.04,0.0
2026-04-30,273.17,273.88,256.16,265.06,0.0
2026-05-01,265.58,273.32,262.74,268.26,0.0
2026-05-04,268.8,276.1,268.8,272.05,0.0
2026-05-05,276.08,278.56,272.38,273.55,0.0
2026-05-06,272.89,277.8,272.21,274.99,0.0
2026-05-07,275.02,276.63,270.49,271.17,0.0
2026-05-08,271.63,274.0,269.95,272.68,0.0
2026-05-11,269.84,273.63,268.48,268.99,0.0
2026-05-12,266.71,267.65,262.63,265.82,0.0
2026-05-13,264.43,270.72,263.2,270.13,0.0
2026-05-14,269.15,270.78,266.63,267.22,0.0
2026-05-15,262.5,264.36,260.89,264.14,0.0
2026-05-18,263.87,268.85,262.53,264.86,0.0
2026-05-19,262.04,262.25,255.19,259.34,0.0
2026-05-20,260.05,265.58,259.53,265.01,0.0
2026-05-21,263.5,269.49,261.37,268.46,0.0
2026-05-22,268.66,269.79,266.24,266.32,0.0
2026-05-26,267.94,269.3,262.07,265.29,0.0
2026-05-27,266.15,272.41,265.7,271.85,0.0
2026-05-28,272.27,274.5,267.44,274.0,0.0
2026-05-29,271.29,274.75,269.64,270.64,0.0
2026-06-01,266.29,266.63,260.7,261.26,0.0
2026-06-02,257.16,261.2,254.37,256.52,0.0
2026-06-03,254.7,257.09,247.71,250.02,0.0
2026-06-04,253.12,255.83,251.75,253.79,0.0
2026-06-05,254.26,256.38,245.78,246.03,0.0
2026-06-08,246.68,249.42,243.36,245.22,0.22
2026-06-09,247.73,250.43,240.4,244.19,0.0
2026-06-10,243.61,244.07,237.45,238.0,0.0
2026-06-11,237.93,242.14,235.18,241.51,0.0
2026-06-12,243.21,243.36,233.59,238.55,0.0
2026-06-15,245.02,247.81,244.73,246.02,0.0
2026-06-16,248.0,249.51,245.45,246.0,0.0
2026-06-17,244.9,245.91,236.0,237.5,0.0
2026-06-18,240.12,245.73,236.02,244.39,0.0
2026-06-22,240.08,242.0,232.24,232.79,0.0
2026-06-23,232.55,236.87,232.0,234.11,0.0
2026-06-24,233.85,242.42,232.95,234.27,0.0
2026-06-25,232.02,232.32,225.55,227.01,0.0
2026-06-26,227.21,233.9,226.13,232.69,0.0
2026-06-29,234.22,249.71,233.8,240.14,0.0
2026-06-30,237.35,241.54,237.17,238.34,0.0
2026-07-01,239.75,244.9,234.9,241.7,0.0
2026-07-02,241.61,246.72,241.08,242.67,0.0
2026-07-06,243.8,246.04,240.88,244.16,0.0
2026-07-07,246.98,248.93,242.7,245.98,0.0
2026-07-08,244.27,244.8,240.52,243.62,0.0
2026-07-09,239.82,247.5,238.25,247.04,0.0
2026-07-10,249.55,251.03,244.41,245.34,0.0
2026-07-13,244.68,249.65,244.18,247.31,0.0
2026-07-14,245.55,248.56,243.8,247.49,0.0
2026-07-15,249.75,256.48,249.75,254.96,0.0
2026-07-16,255.12,258.08,248.0,249.89,0.0
2026-07-17,244.46,250.24,243.59,247.23,0.0
2026-07-20,248.76,252.89,248.0,249.99,0.0
2026-07-21,249.11,249.34,246.42,247.55,0.0
2026-07-22,248.27,248.45,242.45,244.85,0.0
2026-07-23,236.26,238.35,232.05,233.66,0.0
2026-07-24,234.38,234.95,231.34,232.11,0.0
