date,open,high,low,close,dividend
2015-01-02,45.02,45.19,43.97,44.33,0.0
2015-01-05,44.16,44.25,43.58,43.59,0.12
2015-01-06,44.06,44.18,42.99,43.14,0.0
2015-01-07,43.33,43.52,43.01,43.15,0.0
2015-01-08,43.63,43.94,43.38,43.41,0.0
2015-01-09,43.98,44.1,43.26,43.39,0.0
2015-01-12,43.26,43.77,42.86,43.27,0.0
2015-01-13,43.67,43.95,42.57,42.93,0.0
2015-01-14,42.46,43.17,42.46,43.06,0.0
2015-01-15,43.48,43.64,42.57,42.63,0.0
2015-01-16,42.49,43.62,42.25,43.51,0.0
2015-01-20,43.56,44.03,43.23,43.9,0.0
2015-01-21,43.69,43.93,43.21,43.49,0.0
2015-01-22,43.95,45.33,43.18,44.05,0.0
2015-01-23,43.98,44.54,43.92,44.19,0.0
2015-01-26,44.17,44.21,43.54,43.9,0.0
2015-01-27,43.01,43.87,42.58,43.4,0.0
2015-01-28,43.94,43.98,42.67,42.69,0.0
2015-01-29,42.82,43.02,42.32,42.86,0.0
2015-01-30,42.09,42.52,41.82,41.89,0.0
2015-02-02,42.21,42.71,41.56,42.68,0.0
2015-02-03,42.94,43.14,42.54,43.04,0.0
2015-02-04,42.97,43.16,42.32,42.42,0.0
2015-02-05,42.5,43.24,42.5,43.16,0.0
2015-02-06,43.26,43.47,42.88,42.98,0.0
2015-02-09,42.63,43.63,42.63,43.4,0.0
2015-02-10,43.79,44.06,43.56,43.99,0.0
2015-02-11,43.96,44.0,43.09,43.36,0.0
2015-02-12,43.48,44.06,43.41,43.89,0.0
2015-02-13,43.8,44.23,43.8,43.93,0.0
2015-02-17,43.67,43.9,43.54,43.84,0.0
2015-02-18,43.71,44.11,43.65,44.1,0.0
2015-02-19,44.13,44.37,44.0,44.11,0.0
2015-02-20,44.06,44.09,43.46,43.77,0.0
2015-02-23,43.46,43.88,43.3,43.78,0.0
2015-02-24,43.79,43.96,43.38,43.88,0.0
2015-02-25,43.83,44.09,43.38,43.73,0.0
2015-02-26,43.8,44.15,43.71,43.89,0.0
2015-02-27,43.77,44.11,43.68,43.82,0.0
2015-03-02,43.81,44.04,43.48,44.03,0.0
2015-03-03,43.83,43.88,43.17,43.38,0.0
2015-03-04,43.2,43.66,42.82,43.61,0.0
2015-03-05,43.66,43.89,43.26,43.8,0.0
2015-03-06,43.61,43.61,42.3,42.38,0.0
2015-03-09,42.25,42.79,42.19,42.69,0.0
2015-03-10,42.24,42.55,41.78,41.82,0.0
2015-03-11,41.93,42.16,41.41,41.47,0.0
2015-03-12,41.46,41.76,41.26,41.62,0.0
2015-03-13,41.54,42.47,41.51,42.38,0.0
2015-03-16,42.82,43.53,42.74,43.41,0.0
2015-03-17,43.11,43.34,42.86,42.87,0.0
2015-03-18,44.3,44.94,43.35,44.13,0.0
2015-03-19,44.0,44.49,44.0,44.16,0.0
2015-03-20,44.13,44.73,44.06,44.41,0.0
2015-03-23,44.34,44.62,44.16,44.25,0.0
2015-03-24,44.33,44.5,43.71,43.71,0.0
2015-03-25,43.68,43.75,42.93,42.93,0.0
2015-03-26,42.78,43.23,42.46,42.99,0.0
2015-03-27,42.93,43.12,42.42,42.64,0.0
2015-03-30,43.23,43.63,43.12,43.44,0.0
2015-03-31,43.31,43.57,43.13,43.15,0.0
2015-04-01,42.99,43.12,42.72,42.94,0.0
2015-04-02,42.99,43.11,42.48,42.62,0.15
2015-04-06,42.28,43.1,42.21,42.96,0.0
2015-04-07,42.99,43.48,42.94,42.96,0.0
2015-04-08,42.85,43.34,42.85,43.11,0.0
2015-04-09,42.97,43.31,42.74,43.2,0.0
2015-04-10,43.08,43.89,43.08,43.51,0.0
2015-04-13,43.55,43.79,43.03,43.08,0.0
2015-04-14,43.04,43.06,42.51,42.73,0.0
2015-04-15,42.95,44.19,42.83,43.99,0.0
2015-04-16,43.69,43.96,43.25,43.46,0.0
2015-04-17,43.06,43.4,42.86,43.0,0.0
2015-04-20,43.31,43.81,43.25,43.32,0.0
2015-04-21,43.51,43.87,43.4,43.42,0.0
2015-04-22,43.51,43.75,43.34,43.55,0.0
2015-04-23,43.51,43.63,42.99,43.39,0.0
2015-04-24,43.41,43.58,42.75,43.08,0.0
2015-04-27,43.1,43.95,43.07,43.61,0.0
2015-04-28,43.71,44.58,43.45,44.5,0.0
2015-04-29,44.4,44.9,43.68,44.73,0.0
2015-04-30,44.05,44.41,43.51,43.62,0.0
2015-05-01,43.44,44.38,43.44,44.37,0.0
2015-05-04,44.55,44.85,44.24,44.59,0.0
2015-05-05,44.47,44.62,43.89,43.92,0.0
2015-05-06,44.2,44.24,43.0,43.26,0.0
2015-05-07,43.17,43.66,43.02,43.48,0.0
2015-05-08,43.83,44.24,43.69,44.01,0.0
2015-05-11,43.97,44.2,43.6,43.84,0.0
2015-05-12,43.65,43.69,43.28,43.57,0.0
2015-05-13,43.76,44.07,43.62,43.79,0.0
2015-05-14,44.11,44.4,44.0,44.38,0.0
2015-05-15,44.41,44.44,43.94,44.15,0.0
2015-05-18,43.94,44.41,43.88,44.24,0.0
2015-05-19,44.42,44.46,44.16,44.32,0.0
2015-05-20,44.22,44.6,44.09,44.29,0.0
2015-05-21,44.22,44.45,43.95,44.28,0.0
2015-05-22,44.2,44.27,43.88,43.93,0.0
2015-05-26,43.74,43.83,43.15,43.33,0.0
2015-05-27,43.54,44.25,43.41,44.14,0.0
2015-05-28,44.08,44.25,43.64,43.86,0.0
2015-05-29,43.79,43.84,43.36,43.49,0.0
2015-06-01,43.84,44.06,43.64,43.79,0.0
2015-06-02,43.51,44.01,43.14,43.7,0.0
2015-06-03,43.74,44.09,43.59,43.97,0.0
2015-06-04,43.74,44.11,43.51,43.77,0.0
2015-06-05,43.83,44.02,43.49,43.81,0.0
2015-06-08,43.81,43.89,43.08,43.1,0.0
2015-06-09,43.35,43.37,42.82,43.07,0.0
2015-06-10,43.28,44.05,43.06,43.94,0.0
2015-06-11,44.17,44.42,44.03,44.28,0.0
2015-06-12,43.98,44.39,43.9,44.34,0.0
2015-06-15,43.9,43.99,43.41,43.72,0.0
2015-06-16,43.91,44.88,43.76,44.64,0.0
2015-06-17,44.86,45.24,44.37,44.91,0.0
2015-06-18,41.91,42.98,40.97,42.74,0.0
2015-06-19,42.9,43.1,41.56,41.59,0.0
2015-06-22,41.8,41.96,41.45,41.49,0.0
2015-06-23,41.94,42.06,41.48,41.71,0.0
2015-06-24,41.54,41.77,41.2,41.2,0.0
2015-06-25,41.24,41.47,41.06,41.06,0.0
2015-06-26,41.1,41.37,40.97,40.99,0.0
2015-06-29,40.63,40.9,40.38,40.42,0.0
2015-06-30,40.6,40.75,40.11,40.3,0.0
2015-07-01,40.61,40.7,39.93,40.24,0.0
2015-07-02,40.38,40.42,40.15,40.36,0.0
2015-07-06,39.93,40.29,39.77,40.15,0.15
2015-07-07,40.04,40.27,39.84,40.16,0.0
2015-07-08,39.9,40.24,39.7,39.77,0.0
2015-07-09,40.24,40.48,40.15,40.18,0.0
2015-07-10,40.56,40.65,40.21,40.36,0.0
2015-07-13,40.52,40.86,40.38,40.8,0.0
2015-07-14,40.81,40.9,40.58,40.78,0.0
2015-07-15,40.63,40.92,40.63,40.79,0.0
2015-07-16,41.02,41.02,40.56,40.96,0.0
2015-07-17,40.75,40.86,40.16,40.4,0.0
2015-07-20,40.36,40.39,39.87,39.93,0.0
2015-07-21,39.76,39.99,39.39,39.57,0.0
2015-07-22,39.36,39.67,39.25,39.42,0.0
2015-07-23,39.55,39.6,38.96,39.0,0.0
2015-07-24,39.1,39.17,38.8,39.0,0.0
2015-07-27,38.72,38.82,38.47,38.51,0.0
2015-07-28,38.79,39.37,38.44,39.28,0.0
2015-07-29,39.37,39.87,39.26,39.79,0.0
2015-07-30,40.03,40.1,39.55,39.65,0.0
2015-07-31,39.76,40.12,39.7,39.94,0.0
2015-08-03,39.95,40.01,39.46,39.71,0.0
2015-08-04,39.59,40.0,39.53,39.66,0.0
2015-08-05,39.9,40.02,39.63,39.64,0.0
2015-08-06,39.63,39.84,39.15,39.32,0.0
2015-08-07,39.36,39.69,39.23,39.56,0.0
2015-08-10,39.76,40.05,39.7,39.89,0.0
2015-08-11,39.53,39.68,39.02,39.17,0.0
2015-08-12,38.74,39.36,38.5,39.28,0.0
2015-08-13,39.22,39.56,38.99,39.31,0.0
2015-08-14,39.33,39.5,39.18,39.41,0.0
2015-08-17,39.41,39.73,39.09,39.72,0.0
2015-08-18,39.52,40.03,39.51,39.83,0.0
2015-08-19,39.7,39.94,39.31,39.53,0.0
2015-08-20,39.19,39.5,38.6,38.63,0.0
2015-08-21,38.32,38.77,37.55,37.55,0.0
2015-08-24,35.73,36.6,35.14,36.08,0.0
2015-08-25,36.97,37.21,35.38,35.45,0.0
2015-08-26,36.03,37.02,35.6,36.91,0.0
2015-08-27,37.35,37.51,36.01,36.82,0.0
2015-08-28,36.86,37.49,36.78,37.46,0.0
2015-08-31,37.16,37.51,36.93,37.09,0.0
2015-09-01,36.33,36.55,35.89,36.01,0.0
2015-09-02,36.37,36.75,36.11,36.75,0.0
2015-09-03,36.81,37.27,36.77,36.9,0.0
2015-09-04,36.35,36.68,36.09,36.27,0.0
2015-09-08,36.73,37.82,36.73,37.68,0.0
2015-09-09,37.9,38.18,37.01,37.09,0.0
2015-09-10,37.03,37.94,37.03,37.61,0.0
2015-09-11,37.45,37.96,37.4,37.92,0.0
2015-09-14,37.81,37.94,37.37,37.56,0.0
2015-09-15,37.77,38.18,37.4,37.99,0.0
2015-09-16,38.26,38.52,37.93,38.27,0.0
2015-09-17,38.27,38.27,36.5,36.74,0.0
2015-09-18,36.29,36.98,36.26,36.38,0.0
2015-09-21,36.6,37.06,36.42,36.83,0.0
2015-09-22,36.34,36.49,35.97,36.19,0.0
2015-09-23,36.19,36.22,35.83,35.99,0.0
2015-09-24,35.85,36.23,35.39,36.06,0.0
2015-09-25,36.2,36.32,35.91,36.05,0.0
2015-09-28,35.72,36.14,35.4,35.44,0.0
2015-09-29,35.31,35.66,35.24,35.51,0.0
2015-09-30,35.89,36.19,35.78,36.12,0.0
2015-10-01,36.23,36.42,35.85,36.24,0.0
2015-10-02,35.71,36.91,35.64,36.89,0.0
2015-10-05,37.26,37.73,37.02,37.59,0.0
2015-10-06,37.52,37.85,37.51,37.73,0.0
2015-10-07,37.75,37.98,37.35,37.66,0.0
2015-10-08,37.39,37.99,37.34,37.89,0.0
2015-10-09,37.98,38.2,37.66,38.1,0.15
2015-10-12,37.92,38.12,37.69,38.04,0.0
2015-10-13,37.91,38.2,37.74,37.82,0.0
2015-10-14,37.17,37.58,37.14,37.26,0.0
2015-10-15,37.55,37.67,37.26,37.55,0.0
2015-10-16,37.8,37.8,37.14,37.37,0.0
2015-10-19,36.86,37.1,36.57,36.87,0.0
2015-10-20,36.62,37.0,36.62,36.86,0.0
2015-10-21,36.98,37.12,36.57,36.62,0.0
2015-10-22,36.85,37.86,36.85,37.79,0.0
2015-10-23,38.12,38.16,37.79,38.07,0.0
2015-10-26,37.94,38.62,37.94,38.37,0.0
2015-10-27,38.33,38.45,38.04,38.34,0.0
2015-10-28,38.63,38.89,38.37,38.88,0.0
2015-10-29,38.53,38.91,38.53,38.86,0.0
2015-10-30,38.92,39.04,38.5,38.84,0.0
2015-11-02,39.05,39.78,38.9,39.75,0.0
2015-11-03,39.69,40.27,39.58,40.2,0.0
2015-11-04,40.35,40.57,40.06,40.48,0.0
2015-11-05,40.16,40.6,40.15,40.35,0.0
2015-11-06,40.32,40.64,40.13,40.62,0.0
2015-11-09,40.41,40.5,39.78,40.1,0.0
2015-11-10,39.83,40.17,39.79,39.92,0.0
2015-11-11,39.24,39.6,38.98,39.04,0.0
2015-11-12,38.65,39.1,38.51,38.63,0.0
2015-11-13,38.48,38.6,37.22,37.3,0.0
2015-11-16,37.69,38.39,37.56,38.12,0.0
2015-11-17,38.23,38.52,37.97,38.13,0.0
2015-11-18,38.19,38.73,38.15,38.7,0.0
2015-11-19,38.67,39.32,38.62,39.02,0.0
2015-11-20,39.25,39.58,39.2,39.34,0.0
2015-11-23,39.44,39.53,39.05,39.14,0.0
2015-11-24,38.78,39.62,38.78,39.46,0.0
2015-11-25,39.47,39.6,39.24,39.26,0.0
2015-11-27,39.14,39.34,39.08,39.18,0.0
2015-11-30,39.11,39.29,38.97,38.97,0.0
2015-12-01,39.09,39.28,38.91,39.23,0.0
2015-12-02,39.15,39.39,38.65,38.7,0.0
2015-12-03,38.96,38.96,37.75,37.81,0.0
2015-12-04,38.02,39.24,37.88,39.16,0.0
2015-12-07,39.16,39.24,38.5,38.82,0.0
2015-12-08,38.29,38.87,38.26,38.73,0.0
2015-12-09,38.63,39.35,38.33,38.58,0.0
2015-12-10,38.61,38.82,38.11,38.19,0.0
2015-12-11,37.62,37.85,37.03,37.21,0.0
2015-12-14,37.15,37.68,36.85,37.65,0.0
2015-12-15,38.1,38.53,37.95,38.21,0.0
2015-12-16,38.67,39.14,38.35,38.91,0.0
2015-12-17,38.09,38.2,36.54,36.93,0.0
2015-12-18,36.89,37.08,36.31,36.35,0.0
2015-12-21,36.72,36.84,36.1,36.42,0.0
2015-12-22,36.39,36.71,36.25,36.59,0.0
2015-12-23,36.66,37.22,36.65,36.93,0.0
2015-12-24,36.73,37.23,36.73,37.01,0.0
2015-12-28,36.83,36.86,36.47,36.79,0.0
2015-12-29,37.02,37.21,36.98,37.04,0.0
2015-12-30,37.08,37.16,36.83,36.92,0.0
2015-12-31,36.84,36.95,36.43,36.53,0.0
2016-01-04,36.01,36.01,35.36,35.75,0.15
2016-01-05,35.86,36.12,35.49,35.64,0.0
2016-01-06,35.5,36.14,35.36,35.82,0.0
2016-01-07,35.25,35.68,34.88,35.04,0.0
2016-01-08,35.13,35.28,34.61,34.65,0.0
2016-01-11,34.75,35.12,34.52,34.94,0.0
2016-01-12,35.32,35.55,34.99,35.37,0.0
2016-01-13,35.19,35.4,33.87,34.08,0.0
2016-01-14,34.19,35.09,34.01,34.79,0.0
2016-01-15,33.8,34.51,33.66,34.12,0.0
2016-01-19,34.54,34.75,34.24,34.55,0.0
2016-01-20,33.88,34.23,33.13,33.94,0.0
2016-01-21,33.91,34.56,33.59,34.12,0.0
2016-01-22,34.55,34.99,34.53,34.8,0.0
2016-01-25,34.58,34.94,34.3,34.34,0.0
2016-01-26,34.32,35.23,34.12,35.23,0.0
2016-01-27,35.03,35.55,34.73,34.91,0.0
2016-01-28,35.17,35.55,34.94,35.33,0.0
2016-01-29,35.65,36.31,35.51,36.31,0.0
2016-02-01,35.9,36.54,35.85,36.32,0.0
2016-02-02,35.85,35.94,35.25,35.35,0.0
2016-02-03,35.56,35.79,34.94,35.69,0.0
2016-02-04,35.7,36.54,35.66,36.45,0.0
2016-02-05,36.13,36.24,35.37,35.7,0.0
2016-02-08,35.13,35.7,34.48,35.61,0.0
2016-02-09,35.13,35.61,34.62,35.08,0.0
2016-02-10,35.42,36.14,35.14,35.2,0.0
2016-02-11,34.59,35.11,34.47,34.84,0.0
2016-02-12,35.24,35.55,34.91,35.54,0.0
2016-02-16,35.76,35.91,35.42,35.7,0.0
2016-02-17,35.97,36.77,35.97,36.63,0.0
2016-02-18,36.71,36.87,36.4,36.63,0.0
2016-02-19,36.52,36.79,36.42,36.78,0.0
2016-02-22,37.11,37.49,36.9,37.11,0.0
2016-02-23,37.11,37.11,36.38,36.55,0.0
2016-02-24,36.09,36.73,35.77,36.63,0.0
2016-02-25,36.79,37.3,36.5,37.29,0.0
2016-02-26,37.43,37.65,36.84,36.96,0.0
2016-02-29,37.0,37.33,36.63,36.78,0.0
2016-03-01,37.15,37.99,37.04,37.99,0.0
2016-03-02,37.76,37.89,37.43,37.76,0.0
2016-03-03,37.61,37.91,37.4,37.89,0.0
2016-03-04,38.0,38.16,37.77,37.89,0.0
2016-03-07,37.54,38.45,37.52,38.36,0.0
2016-03-08,38.11,38.45,37.94,38.15,0.0
2016-03-09,38.43,38.61,38.12,38.48,0.0
2016-03-10,38.77,38.77,37.51,38.05,0.0
2016-03-11,38.45,38.97,38.28,38.95,0.0
2016-03-14,38.91,38.94,38.55,38.7,0.0
2016-03-15,38.35,38.87,38.13,38.74,0.0
2016-03-16,39.55,40.95,39.53,40.22,0.0
2016-03-17,40.15,40.96,40.07,40.61,0.0
2016-03-18,40.87,41.49,40.65,41.48,0.0
2016-03-21,41.42,42.0,41.37,41.61,0.0
2016-03-22,41.32,41.75,41.19,41.38,0.0
2016-03-23,41.3,41.35,40.57,40.75,0.0
2016-03-24,40.6,41.07,40.34,40.97,0.0
2016-03-28,41.11,41.11,40.56,40.62,0.0
2016-03-29,40.41,40.8,40.37,40.7,0.0
2016-03-30,40.96,41.11,40.85,40.97,0.0
2016-03-31,41.13,41.24,40.8,40.91,0.0
2016-04-01,40.68,41.22,40.62,41.16,0.0
2016-04-04,41.15,41.28,40.9,41.07,0.0
2016-04-05,40.85,41.06,40.46,40.53,0.0
2016-04-06,40.4,40.79,40.19,40.75,0.0
2016-04-07,40.59,40.59,39.81,39.97,0.0
2016-04-08,40.13,40.54,40.13,40.36,0.0
2016-04-11,40.59,41.08,40.38,40.39,0.0
2016-04-12,40.31,40.52,39.99,40.42,0.15
2016-04-13,40.82,41.39,40.63,41.31,0.0
2016-04-14,41.31,41.46,41.18,41.24,0.0
2016-04-15,41.12,41.38,41.02,41.02,0.0
2016-04-18,40.84,41.25,40.8,41.24,0.0
2016-04-19,41.41,41.49,40.97,41.06,0.0
2016-04-20,41.19,41.39,41.08,41.1,0.0
2016-04-21,41.03,41.3,40.88,40.99,0.0
2016-04-22,40.79,41.43,40.67,40.7,0.0
2016-04-25,40.59,40.83,40.47,40.78,0.0
2016-04-26,40.82,40.85,40.43,40.65,0.0
2016-04-27,40.51,41.0,40.51,40.85,0.0
2016-04-28,40.36,40.97,40.17,40.33,0.0
2016-04-29,40.17,40.17,39.37,39.86,0.0
2016-05-02,39.9,40.43,39.83,40.3,0.0
2016-05-03,40.03,40.11,39.53,39.68,0.0
2016-05-04,39.39,39.57,39.13,39.29,0.0
2016-05-05,39.44,39.46,39.13,39.23,0.0
2016-05-06,38.97,39.42,38.97,39.41,0.0
2016-05-09,39.34,39.73,39.22,39.36,0.0
2016-05-10,39.58,40.06,39.58,40.02,0.0
2016-05-11,39.86,40.08,39.64,39.65,0.0
2016-05-12,39.89,40.03,39.59,39.82,0.0
2016-05-13,39.78,40.08,39.51,39.61,0.0
2016-05-16,39.77,40.1,39.46,39.97,0.0
2016-05-17,39.8,40.02,39.47,39.6,0.0
2016-05-18,39.59,39.8,39.16,39.47,0.0
2016-05-19,39.16,39.24,38.56,38.84,0.0
2016-05-20,39.08,39.58,38.95,39.41,0.0
2016-05-23,39.31,39.44,39.14,39.18,0.0
2016-05-24,39.42,40.08,39.25,39.9,0.0
2016-05-25,40.05,40.29,40.05,40.13,0.0
2016-05-26,40.11,40.2,39.92,39.95,0.0
2016-05-27,39.83,40.08,39.8,40.07,0.0
2016-05-31,40.08,40.22,39.95,40.2,0.0
2016-06-01,40.06,40.3,39.82,40.26,0.0
2016-06-02,38.7,39.05,38.08,38.66,0.0
2016-06-03,38.74,39.21,38.69,39.1,0.0
2016-06-06,39.19,39.64,39.12,39.44,0.0
2016-06-07,39.55,39.74,39.05,39.13,0.0
2016-06-08,39.16,39.34,38.9,39.28,0.0
2016-06-09,39.19,39.21,38.75,39.05,0.0
2016-06-10,38.78,38.99,38.61,38.74,0.0
2016-06-13,38.5,38.89,38.38,38.62,0.0
2016-06-14,38.63,38.98,38.57,38.83,0.0
2016-06-15,38.8,38.92,38.41,38.44,0.0
2016-06-16,38.36,38.8,38.08,38.64,0.0
2016-06-17,39.49,39.96,38.92,39.68,0.0
2016-06-20,39.9,40.35,39.7,39.73,0.0
2016-06-21,39.93,40.12,39.75,39.99,0.0
2016-06-22,40.15,40.34,39.87,40.01,0.0
2016-06-23,40.4,40.87,40.26,40.83,0.0
2016-06-24,39.38,39.89,39.02,39.23,0.0
2016-06-27,38.87,38.88,38.18,38.48,0.0
2016-06-28,38.72,39.19,38.58,39.13,0.0
2016-06-29,39.76,40.7,39.49,40.55,0.0
2016-06-30,40.48,41.16,40.47,40.93,0.0
2016-07-01,40.78,41.05,40.69,40.86,0.15
2016-07-05,40.33,40.58,40.15,40.4,0.0
2016-07-06,40.2,40.57,40.02,40.53,0.0
2016-07-07,40.65,40.83,40.42,40.53,0.0
2016-07-08,40.88,41.18,40.74,40.87,0.0
2016-07-11,40.9,41.14,40.75,40.78,0.0
2016-07-12,41.23,41.58,41.06,41.42,0.0
2016-07-13,41.56,41.65,41.25,41.46,0.0
2016-07-14,41.57,41.87,41.5,41.67,0.0
2016-07-15,41.91,41.91,41.46,41.77,0.0
2016-07-18,41.71,41.84,41.58,41.64,0.0
2016-07-19,41.3,41.45,41.01,41.08,0.0
2016-07-20,41.48,41.5,41.25,41.25,0.0
2016-07-21,41.34,41.51,40.94,41.07,0.0
2016-07-22,41.12,41.21,40.95,41.08,0.0
2016-07-25,40.91,41.16,40.89,41.16,0.0
2016-07-26,41.06,41.24,40.81,40.94,0.0
2016-07-27,41.03,41.11,40.75,40.93,0.0
2016-07-28,41.35,41.4,40.72,41.19,0.0
2016-07-29,41.32,41.38,40.92,41.04,0.0
2016-08-01,40.91,41.27,40.91,41.15,0.0
2016-08-02,41.12,41.12,40.58,40.71,0.0
2016-08-03,40.62,40.85,40.6,40.71,0.0
2016-08-04,40.61,40.95,40.61,40.9,0.0
2016-08-05,41.07,41.22,40.96,41.13,0.0
2016-08-08,41.18,41.4,41.12,41.16,0.0
2016-08-09,41.09,41.27,41.05,41.1,0.0
2016-08-10,41.13,41.25,40.86,41.09,0.0
2016-08-11,41.13,41.41,41.13,41.28,0.0
2016-08-12,41.13,41.2,41.0,41.09,0.0
2016-08-15,41.0,41.64,41.0,41.39,0.0
2016-08-16,41.3,41.45,41.24,41.32,0.0
2016-08-17,41.38,41.38,41.07,41.21,0.0
2016-08-18,40.95,41.33,40.95,41.14,0.0
2016-08-19,41.04,41.34,41.01,41.32,0.0
2016-08-22,41.11,41.39,41.11,41.22,0.0
2016-08-23,41.37,41.64,41.36,41.5,0.0
2016-08-24,41.35,41.47,40.98,41.07,0.0
2016-08-25,41.12,41.2,41.0,41.1,0.0
2016-08-26,41.11,41.58,41.07,41.26,0.0
2016-08-29,41.48,41.53,41.26,41.31,0.0
2016-08-30,41.39,41.4,41.15,41.31,0.0
2016-08-31,41.27,41.32,41.09,41.22,0.0
2016-09-01,40.98,41.26,40.78,41.16,0.0
2016-09-02,41.26,41.42,41.03,41.25,0.0
2016-09-06,41.37,41.37,41.07,41.25,0.0
2016-09-07,41.14,41.31,40.95,41.25,0.0
2016-09-08,40.93,41.0,40.6,40.72,0.0
2016-09-09,40.33,40.74,40.03,40.03,0.0
2016-09-12,39.96,40.75,39.68,40.68,0.0
2016-09-13,40.37,40.53,39.97,40.18,0.0
2016-09-14,40.02,40.56,40.02,40.25,0.0
2016-09-15,40.18,41.03,40.09,40.86,0.0
2016-09-16,39.61,39.95,38.71,38.92,0.0
2016-09-19,39.13,39.55,39.05,39.23,0.0
2016-09-20,39.55,39.6,39.06,39.07,0.0
2016-09-21,39.19,39.58,39.19,39.51,0.0
2016-09-22,39.68,39.8,39.48,39.51,0.0
2016-09-23,39.39,39.42,39.03,39.23,0.0
2016-09-26,39.0,39.1,38.76,39.03,0.0
2016-09-27,38.9,39.49,38.86,39.3,0.0
2016-09-28,39.23,39.5,39.16,39.44,0.0
2016-09-29,39.25,39.62,39.08,39.12,0.0
2016-09-30,39.25,39.44,39.09,39.28,0.0
2016-10-03,39.2,39.26,38.86,38.99,0.0
2016-10-04,39.04,39.2,38.76,38.87,0.0
2016-10-05,39.11,39.34,38.89,39.15,0.0
2016-10-06,39.11,39.24,38.63,38.87,0.0
2016-10-07,38.84,39.0,38.61,38.71,0.15
2016-10-10,38.86,39.0,38.59,38.62,0.0
2016-10-11,38.56,38.65,37.81,38.01,0.0
2016-10-12,37.93,38.15,37.64,38.05,0.0
2016-10-13,37.86,38.19,37.62,38.03,0.0
2016-10-14,38.26,38.59,38.19,38.41,0.0
2016-10-17,38.54,38.54,38.21,38.29,0.0
2016-10-18,38.6,38.69,38.36,38.42,0.0
2016-10-19,38.52,38.64,38.31,38.35,0.0
2016-10-20,38.12,38.35,38.01,38.09,0.0
2016-10-21,37.99,38.12,37.77,37.93,0.0
2016-10-24,38.12,38.42,38.12,38.27,0.0
2016-10-25,38.27,38.43,38.1,38.36,0.0
2016-10-26,38.15,38.64,38.15,38.31,0.0
2016-10-27,38.41,38.56,38.15,38.22,0.0
2016-10-28,38.3,38.45,38.03,38.17,0.0
2016-10-31,38.31,38.51,38.2,38.42,0.0
2016-11-01,38.58,38.58,38.23,38.46,0.0
2016-11-02,38.46,38.49,37.98,38.03,0.0
2016-11-03,37.99,38.38,37.99,38.31,0.0
2016-11-04,38.31,38.58,38.17,38.28,0.0
2016-11-07,38.73,39.15,38.72,39.09,0.0
2016-11-08,39.16,39.35,38.98,39.13,0.0
2016-11-09,38.56,39.74,38.39,39.55,0.0
2016-11-10,39.65,40.06,39.3,39.58,0.0
2016-11-11,39.54,39.81,39.18,39.45,0.0
2016-11-14,39.39,39.67,39.11,39.3,0.0
2016-11-15,38.89,39.22,38.68,39.17,0.0
2016-11-16,39.1,39.8,38.92,39.7,0.0
2016-11-17,39.8,40.29,39.67,40.25,0.0
2016-11-18,40.28,40.49,39.67,39.86,0.0
2016-11-21,39.97,40.03,39.67,39.89,0.0
2016-11-22,40.09,40.12,39.81,40.09,0.0
2016-11-23,40.05,40.1,39.84,40.1,0.0
2016-11-25,40.04,40.35,40.04,40.27,0.0
2016-11-28,40.13,40.53,40.05,40.3,0.0
2016-11-29,40.34,40.74,40.13,40.55,0.0
2016-11-30,40.66,40.7,40.19,40.19,0.0
2016-12-01,40.11,40.18,38.46,38.7,0.0
2016-12-02,38.46,38.83,37.64,38.5,0.0
2016-12-05,38.6,39.11,38.54,38.97,0.0
2016-12-06,39.01,39.48,38.88,39.47,0.0
2016-12-07,39.5,40.37,39.49,40.32,0.0
2016-12-08,40.32,40.49,40.08,40.35,0.0
2016-12-09,40.41,40.77,40.28,40.52,0.0
2016-12-12,40.35,40.7,40.35,40.51,0.0
2016-12-13,40.47,41.0,40.47,40.76,0.0
2016-12-14,40.87,41.09,40.62,40.88,0.0
2016-12-15,40.95,41.14,40.74,40.86,0.0
2016-12-16,40.22,40.22,38.76,39.1,0.0
2016-12-19,39.03,39.19,38.59,38.9,0.0
2016-12-20,38.96,39.11,38.8,39.0,0.0
2016-12-21,39.06,39.06,38.61,38.83,0.0
2016-12-22,38.93,39.24,38.6,38.96,0.0
2016-12-23,38.79,39.02,38.63,38.78,0.0
2016-12-27,38.77,39.04,38.76,38.82,0.0
2016-12-28,38.87,38.92,38.63,38.68,0.0
2016-12-29,38.61,38.84,38.61,38.69,0.0
2016-12-30,38.75,38.86,38.34,38.45,0.0
2017-01-03,38.45,38.69,38.3,38.55,0.15
2017-01-04,38.55,38.92,38.55,38.74,0.0
2017-01-05,38.67,38.95,38.41,38.64,0.0
2017-01-06,38.75,38.75,38.38,38.45,0.0
2017-01-09,38.53,39.45,38.47,39.03,0.0
2017-01-10,39.0,39.07,38.66,38.66,0.0
2017-01-11,38.64,39.13,38.64,39.11,0.0
2017-01-12,39.03,39.32,38.59,39.2,0.0
2017-01-13,39.16,39.33,39.03,39.26,0.0
2017-01-17,39.07,39.28,38.89,39.1,0.0
2017-01-18,39.28,39.34,39.03,39.19,0.0
2017-01-19,39.12,39.38,39.1,39.21,0.0
2017-01-20,39.46,40.03,39.45,39.87,0.0
2017-01-23,39.76,40.09,39.43,39.68,0.0
2017-01-24,39.85,40.2,39.75,40.1,0.0
2017-01-25,40.32,40.38,39.95,40.15,0.0
2017-01-26,40.21,40.25,39.95,40.13,0.0
2017-01-27,40.2,40.39,40.13,40.23,0.0
2017-01-30,40.11,40.25,39.81,40.23,0.0
2017-01-31,40.21,40.25,39.67,40.11,0.0
2017-02-01,40.22,40.22,39.71,39.84,0.0
2017-02-02,39.77,40.0,39.68,39.98,0.0
2017-02-03,40.07,40.43,39.95,40.43,0.0
2017-02-06,40.44,40.44,40.08,40.1,0.0
2017-02-07,40.16,40.3,40.04,40.07,0.0
2017-02-08,40.06,40.35,40.01,40.02,0.0
2017-02-09,40.02,40.45,40.02,40.23,0.0
2017-02-10,40.33,40.92,40.21,40.79,0.0
2017-02-13,40.89,41.19,40.8,41.09,0.0
2017-02-14,40.92,41.17,40.75,41.1,0.0
2017-02-15,40.96,41.48,40.89,41.41,0.0
2017-02-16,41.46,41.74,41.37,41.59,0.0
2017-02-17,41.54,42.06,41.5,42.06,0.0
2017-02-21,41.99,42.38,41.93,42.27,0.0
2017-02-22,42.26,42.52,42.13,42.51,0.0
2017-02-23,42.56,42.99,42.5,42.96,0.0
2017-02-24,42.74,43.19,42.68,43.17,0.0
2017-02-27,43.26,43.26,42.52,42.7,0.0
2017-02-28,42.62,42.75,42.42,42.59,0.0
2017-03-01,42.75,43.0,42.69,42.92,0.0
2017-03-02,42.83,42.93,42.63,42.89,0.0
2017-03-03,42.77,42.89,42.59,42.69,0.0
2017-03-06,42.46,42.74,42.3,42.57,0.0
2017-03-07,42.58,42.75,42.52,42.6,0.0
2017-03-08,42.68,42.79,42.51,42.61,0.0
2017-03-09,42.63,42.63,42.25,42.44,0.0
2017-03-10,42.62,42.69,42.35,42.68,0.0
2017-03-13,42.75,42.78,42.53,42.58,0.0
2017-03-14,42.58,42.84,42.41,42.79,0.0
2017-03-15,42.9,43.2,42.64,43.05,0.0
2017-03-16,46.39,46.99,45.65,45.73,0.0
2017-03-17,45.25,45.98,45.11,45.66,0.0
2017-03-20,45.67,45.95,45.16,45.23,0.0
2017-03-21,45.31,45.4,44.71,44.84,0.0
2017-03-22,45.13,45.45,44.63,44.79,0.0
2017-03-23,44.68,45.06,44.67,44.95,0.0
2017-03-24,44.92,45.09,44.58,44.65,0.0
2017-03-27,44.51,44.93,44.36,44.84,0.0
2017-03-28,44.83,45.03,44.66,44.69,0.0
2017-03-29,44.52,44.73,44.47,44.52,0.0
2017-03-30,44.45,44.75,44.37,44.68,0.0
2017-03-31,44.5,44.85,44.46,44.61,0.0
2017-04-03,44.68,45.05,44.4,44.61,0.0
2017-04-04,44.61,44.74,44.38,44.59,0.0
2017-04-05,44.74,44.97,44.41,44.49,0.0
2017-04-06,44.53,44.53,44.14,44.18,0.0
2017-04-07,44.09,44.39,43.99,44.29,0.0
2017-04-10,44.21,44.45,43.96,44.0,0.19
2017-04-11,43.89,44.45,43.76,44.17,0.0
2017-04-12,44.33,44.41,44.03,44.18,0.0
2017-04-13,44.19,44.45,43.98,44.0,0.0
2017-04-17,44.12,44.36,44.0,44.29,0.0
2017-04-18,44.21,44.58,44.14,44.52,0.0
2017-04-19,44.44,44.54,44.08,44.19,0.0
2017-04-20,44.26,44.63,44.17,44.53,0.0
2017-04-21,44.59,44.74,44.4,44.43,0.0
2017-04-24,44.97,44.99,44.62,44.84,0.0
2017-04-25,44.98,44.98,44.6,44.72,0.0
2017-04-26,44.75,45.04,44.64,44.69,0.0
2017-04-27,44.88,44.94,44.65,44.77,0.0
2017-04-28,44.74,44.96,44.52,44.96,0.0
2017-05-01,45.01,45.18,44.87,45.05,0.0
2017-05-02,45.0,45.35,44.97,45.13,0.0
2017-05-03,45.05,45.16,44.77,44.89,0.0
2017-05-04,44.96,45.78,44.95,45.47,0.0
2017-05-05,45.71,45.78,45.36,45.58,0.0
2017-05-08,45.48,45.71,45.42,45.56,0.0
2017-05-09,45.5,45.68,45.38,45.48,0.0
2017-05-10,45.52,45.56,45.29,45.53,0.0
2017-05-11,45.41,45.41,44.97,45.16,0.0
2017-05-12,45.01,45.15,44.92,45.08,0.0
2017-05-15,45.24,45.36,45.09,45.32,0.0
2017-05-16,45.36,45.37,45.15,45.29,0.0
2017-05-17,45.29,45.29,44.2,44.23,0.0
2017-05-18,44.06,44.41,43.6,44.17,0.0
2017-05-19,44.21,44.52,44.17,44.31,0.0
2017-05-22,44.33,44.65,44.28,44.63,0.0
2017-05-23,44.68,44.84,44.52,44.56,0.0
2017-05-24,44.65,44.88,44.5,44.83,0.0
2017-05-25,44.99,45.3,44.83,45.2,0.0
2017-05-26,45.21,45.45,45.06,45.26,0.0
2017-05-30,45.11,45.46,45.11,45.42,0.0
2017-05-31,45.42,45.55,45.26,45.39,0.0
2017-06-01,45.52,45.8,45.36,45.79,0.0
2017-06-02,45.88,46.07,45.48,45.66,0.0
2017-06-05,45.69,46.0,45.67,45.92,0.0
2017-06-06,45.73,45.84,45.6,45.61,0.0
2017-06-07,45.62,45.65,45.14,45.4,0.0
2017-06-08,45.4,45.86,45.31,45.42,0.0
2017-06-09,45.4,45.67,44.68,45.03,0.0
2017-06-12,44.65,44.85,43.74,44.85,0.0
2017-06-13,45.07,45.24,44.62,44.98,0.0
2017-06-14,45.16,45.28,44.49,44.81,0.0
2017-06-15,44.55,44.82,44.37,44.68,0.0
2017-06-16,44.75,45.1,44.53,45.09,0.0
2017-06-19,45.27,45.75,45.21,45.73,0.0
2017-06-20,45.76,46.32,45.6,45.84,0.0
2017-06-21,46.15,46.54,46.08,46.33,0.0
2017-06-22,46.33,51.85,46.33,50.3,0.0
2017-06-23,50.24,51.84,50.07,50.95,0.0
2017-06-26,50.99,51.7,50.77,50.86,0.0
2017-06-27,50.75,51.45,50.52,50.75,0.0
2017-06-28,51.07,51.09,50.81,50.87,0.0
2017-06-29,50.76,50.89,49.98,50.2,0.0
2017-06-30,50.18,50.52,50.08,50.14,0.0
2017-07-03,50.05,50.13,49.32,49.36,0.0
2017-07-05,49.8,50.03,49.41,49.46,0.0
2017-07-06,49.25,49.42,48.77,48.85,0.0
2017-07-07,48.83,49.44,48.83,49.35,0.0
2017-07-10,49.27,49.83,49.22,49.62,0.0
2017-07-11,49.53,49.89,49.41,49.88,0.0
2017-07-12,50.02,50.48,49.96,50.45,0.0
2017-07-13,50.55,50.68,50.25,50.35,0.0
2017-07-14,50.27,50.65,50.27,50.56,0.0
2017-07-17,50.31,50.58,50.24,50.44,0.19
2017-07-18,50.34,50.7,50.16,50.45,0.0
2017-07-19,50.46,51.1,50.36,51.0,0.0
2017-07-20,51.14,51.26,50.84,51.13,0.0
2017-07-21,50.87,51.15,50.65,50.8,0.0
2017-07-24,50.8,50.9,50.61,50.76,0.0
2017-07-25,50.91,51.23,50.79,51.17,0.0
2017-07-26,51.15,51.19,51.02,51.17,0.0
2017-07-27,51.3,51.36,50.19,50.45,0.0
2017-07-28,50.19,50.49,50.04,50.3,0.0
2017-07-31,50.48,50.5,49.9,49.93,0.0
2017-08-01,50.15,50.22,49.82,50.16,0.0
2017-08-02,50.26,50.31,49.58,49.77,0.0
2017-08-03,49.92,50.41,49.73,50.23,0.0
2017-08-04,50.18,50.21,49.87,49.96,0.0
2017-08-07,50.0,50.09,49.53,49.64,0.0
2017-08-08,49.54,49.83,48.97,49.1,0.0
2017-08-09,48.98,49.39,48.86,49.06,0.0
2017-08-10,48.96,48.96,48.05,48.1,0.0
2017-08-11,48.18,48.44,47.98,48.24,0.0
2017-08-14,48.48,48.96,48.47,48.85,0.0
2017-08-15,48.89,49.06,48.77,48.83,0.0
2017-08-16,48.97,49.32,48.76,49.25,0.0
2017-08-17,49.17,49.31,48.55,48.55,0.0
2017-08-18,48.45,48.88,48.31,48.62,0.0
2017-08-21,48.65,48.96,48.54,48.9,0.0
2017-08-22,49.12,49.35,48.99,49.26,0.0
2017-08-23,49.06,49.43,48.94,49.07,0.0
2017-08-24,49.07,49.26,48.88,49.19,0.0
2017-08-25,49.44,49.44,49.15,49.24,0.0
2017-08-28,49.39,49.39,49.04,49.24,0.0
2017-08-29,48.88,49.57,48.75,49.45,0.0
2017-08-30,49.5,49.95,49.36,49.8,0.0
2017-08-31,49.88,50.52,49.84,50.33,0.0
2017-09-01,50.35,50.88,50.35,50.62,0.0
2017-09-05,50.53,51.08,50.47,50.93,0.0
2017-09-06,51.08,51.23,50.8,51.01,0.0
2017-09-07,51.19,51.78,51.03,51.73,0.0
2017-09-08,51.8,51.88,51.38,51.58,0.0
2017-09-11,51.88,52.61,51.81,52.49,0.0
2017-09-12,52.64,52.89,52.47,52.77,0.0
2017-09-13,52.52,52.98,52.45,52.8,0.0
2017-09-14,52.76,53.14,52.32,52.79,0.0
2017-09-15,50.65,50.7,48.48,48.74,0.0
2017-09-18,48.88,49.06,48.09,48.33,0.0
2017-09-19,48.49,48.5,47.88,48.04,0.0
2017-09-20,48.0,48.19,47.69,47.97,0.0
2017-09-21,47.82,48.19,47.82,47.97,0.0
2017-09-22,47.92,48.43,47.92,48.16,0.0
2017-09-25,48.52,48.54,47.64,47.97,0.0
2017-09-26,48.1,48.21,47.89,47.92,0.0
2017-09-27,48.05,48.36,47.95,48.16,0.0
2017-09-28,48.2,48.25,48.01,48.08,0.0
2017-09-29,48.19,48.75,47.96,48.35,0.0
2017-10-02,48.72,49.0,48.57,48.8,0.0
2017-10-03,48.95,48.96,48.54,48.69,0.0
2017-10-04,48.99,49.19,48.76,48.9,0.0
2017-10-05,48.96,49.03,48.5,48.91,0.0
2017-10-06,48.64,48.7,48.22,48.4,0.0
2017-10-09,48.36,48.58,48.17,48.36,0.0
2017-10-10,48.16,48.46,48.0,48.21,0.19
2017-10-11,48.16,48.47,48.16,48.28,0.0
2017-10-12,48.27,48.48,48.11,48.23,0.0
2017-10-13,48.37,48.71,48.33,48.61,0.0
2017-10-16,48.61,48.91,48.49,48.86,0.0
2017-10-17,48.82,49.3,48.71,49.19,0.0
2017-10-18,49.5,49.76,49.16,49.58,0.0
2017-10-19,49.44,49.67,49.19,49.35,0.0
2017-10-20,49.54,49.79,49.16,49.25,0.0
2017-10-23,49.28,49.66,49.22,49.31,0.0
2017-10-24,49.33,50.14,49.25,49.98,0.0
2017-10-25,49.89,50.65,49.64,49.7,0.0
2017-10-26,50.11,50.3,49.77,50.15,0.0
2017-10-27,50.29,50.97,50.03,50.88,0.0
2017-10-30,50.63,50.75,50.24,50.68,0.0
2017-10-31,50.73,51.28,50.45,50.9,0.0
2017-11-01,51.1,51.17,50.57,50.64,0.0
2017-11-02,50.54,50.7,50.12,50.28,0.0
2017-11-03,50.36,50.44,50.16,50.18,0.0
2017-11-06,50.1,50.55,50.02,50.4,0.0
2017-11-07,50.43,50.58,50.08,50.49,0.0
2017-11-08,50.33,50.74,50.2,50.54,0.0
2017-11-09,50.14,50.22,48.54,49.24,0.0
2017-11-10,49.0,49.37,48.75,49.32,0.0
2017-11-13,49.1,49.43,49.06,49.4,0.0
2017-11-14,49.32,49.33,48.9,49.2,0.0
2017-11-15,48.88,49.08,48.73,48.82,0.0
2017-11-16,49.11,49.62,49.01,49.2,0.0
2017-11-17,49.0,49.23,48.85,48.94,0.0
2017-11-20,49.04,49.16,48.92,49.02,0.0
2017-11-21,49.0,49.1,48.5,48.63,0.0
2017-11-22,48.56,48.83,48.42,48.58,0.0
2017-11-24,48.88,49.13,48.69,49.01,0.0
2017-11-27,48.94,49.22,48.75,48.88,0.0
2017-11-28,48.88,49.2,48.85,49.01,0.0
2017-11-29,48.85,48.86,48.2,48.52,0.0
2017-11-30,48.89,49.33,48.89,49.06,0.0
2017-12-01,49.05,50.0,48.9,49.61,0.0
2017-12-04,49.82,49.82,48.36,48.4,0.0
2017-12-05,48.44,48.65,47.97,47.99,0.0
2017-12-06,48.26,48.59,47.63,48.42,0.0
2017-12-07,48.62,48.81,48.3,48.52,0.0
2017-12-08,48.9,49.69,48.7,49.6,0.0
2017-12-11,49.61,50.5,49.56,50.47,0.0
2017-12-12,50.0,50.71,49.95,50.39,0.0
2017-12-13,50.33,50.51,50.01,50.05,0.0
2017-12-14,50.14,50.4,49.94,50.19,0.0
2017-12-15,48.48,48.48,47.0,48.3,0.0
2017-12-18,48.43,48.85,47.68,47.71,0.0
2017-12-19,47.96,48.35,47.74,47.82,0.0
2017-12-20,47.88,48.05,47.79,47.9,0.0
2017-12-21,48.11,48.11,47.23,47.28,0.0
2017-12-22,47.17,47.4,47.1,47.36,0.0
2017-12-26,47.37,47.58,47.25,47.43,0.0
2017-12-27,47.25,47.47,47.15,47.38,0.0
2017-12-28,47.3,47.55,47.3,47.52,0.0
2017-12-29,47.53,47.88,47.28,47.28,0.0
2018-01-02,47.57,47.8,46.17,46.63,0.0
2018-01-03,47.53,48.07,47.44,47.71,0.0
2018-01-04,47.99,48.19,47.72,48.18,0.0
2018-01-05,48.42,48.63,48.28,48.47,0.0
2018-01-08,48.3,49.07,47.94,48.98,0.0
2018-01-09,49.25,49.36,48.92,49.06,0.19
2018-01-10,48.86,49.27,48.58,48.8,0.0
2018-01-11,48.87,49.02,48.44,48.95,0.0
2018-01-12,49.18,49.83,49.06,49.51,0.0
2018-01-16,49.85,50.06,49.44,49.59,0.0
2018-01-17,49.91,50.29,49.85,50.27,0.0
2018-01-18,50.19,50.68,50.1,50.23,0.0
2018-01-19,50.5,50.6,50.27,50.58,0.0
2018-01-22,50.43,50.74,50.27,50.71,0.0
2018-01-23,50.75,51.27,50.57,51.12,0.0
2018-01-24,51.36,52.0,51.21,51.45,0.0
2018-01-25,51.54,52.05,51.54,51.6,0.0
2018-01-26,51.86,52.75,51.76,52.75,0.0
2018-01-29,52.67,52.79,51.88,51.94,0.0
2018-01-30,51.74,51.99,50.75,50.96,0.0
2018-01-31,50.86,51.85,50.86,51.59,0.0
2018-02-01,51.36,51.98,51.26,51.63,0.0
2018-02-02,51.25,51.41,50.04,50.13,0.0
2018-02-05,50.04,50.7,48.06,48.09,0.0
2018-02-06,47.33,49.51,46.81,49.4,0.0
2018-02-07,49.2,49.85,48.82,48.87,0.0
2018-02-08,49.09,49.12,46.81,46.84,0.0
2018-02-09,47.58,48.15,45.92,47.73,0.0
2018-02-12,48.22,48.49,47.72,48.15,0.0
2018-02-13,48.01,48.68,47.77,48.49,0.0
2018-02-14,48.19,49.52,48.14,49.45,0.0
2018-02-15,49.7,50.69,49.43,50.64,0.0
2018-02-16,50.55,51.14,50.49,50.71,0.0
2018-02-20,50.2,50.31,49.66,49.89,0.0
2018-02-21,49.87,50.34,49.43,49.43,0.0
2018-02-22,49.59,50.06,49.41,49.59,0.0
2018-02-23,49.79,50.57,49.62,50.5,0.0
2018-02-26,50.59,51.26,50.5,51.17,0.0
2018-02-27,51.07,51.4,50.54,50.73,0.0
2018-02-28,51.06,51.5,50.67,50.67,0.0
2018-03-01,50.96,50.96,49.42,49.71,0.0
2018-03-02,49.33,50.4,49.16,50.32,0.0
2018-03-05,49.9,51.49,49.85,51.29,0.0
2018-03-06,51.56,51.79,51.22,51.5,0.0
2018-03-07,51.06,51.81,51.03,51.72,0.0
2018-03-08,51.94,52.16,51.47,52.13,0.0
2018-03-09,52.35,53.0,52.2,52.97,0.0
2018-03-12,52.98,53.44,52.67,52.9,0.0
2018-03-13,53.24,53.48,52.34,52.58,0.0
2018-03-14,52.88,53.15,52.18,52.32,0.0
2018-03-15,52.22,52.67,52.11,52.37,0.0
2018-03-16,52.4,52.69,52.25,52.27,0.0
2018-03-19,52.43,52.58,51.51,51.95,0.0
2018-03-20,46.8,47.75,46.43,47.05,0.0
2018-03-21,47.29,48.06,47.01,47.02,0.0
2018-03-22,46.72,47.02,45.73,45.89,0.0
2018-03-23,45.98,46.28,44.76,44.79,0.0
2018-03-26,45.55,46.64,45.39,46.48,0.0
2018-03-27,46.63,46.82,45.0,45.38,0.0
2018-03-28,45.28,45.36,44.51,44.98,0.0
2018-03-29,45.31,46.29,45.01,45.75,0.0
2018-04-02,45.65,45.85,44.42,45.01,0.0
2018-04-03,45.33,45.33,44.29,44.89,0.0
2018-04-04,44.07,45.62,44.04,45.51,0.0
2018-04-05,45.73,46.18,45.55,45.96,0.0
2018-04-06,45.51,45.75,44.6,44.83,0.0
2018-04-09,45.11,45.65,44.88,44.9,0.0
2018-04-10,45.55,46.07,45.46,45.82,0.0
2018-04-11,45.4,45.99,45.36,45.61,0.0
2018-04-12,45.69,46.17,45.65,45.88,0.0
2018-04-13,46.31,46.53,45.61,46.08,0.0
2018-04-16,46.03,46.39,45.6,46.05,0.19
2018-04-17,46.41,46.93,46.39,46.66,0.0
2018-04-18,46.68,47.29,46.68,47.08,0.0
2018-04-19,46.99,47.11,46.7,46.82,0.0
2018-04-20,46.47,46.62,45.98,46.23,0.0
2018-04-23,46.38,46.47,45.72,45.8,0.0
2018-04-24,45.93,46.37,45.28,45.53,0.0
2018-04-25,45.42,45.84,45.05,45.75,0.0
2018-04-26,46.09,46.21,45.9,45.96,0.0
2018-04-27,46.12,46.12,45.47,45.53,0.0
2018-04-30,45.66,46.02,45.56,45.67,0.0
2018-05-01,45.39,45.95,45.39,45.95,0.0
2018-05-02,45.89,46.08,45.47,45.51,0.0
2018-05-03,45.36,45.39,44.49,45.06,0.0
2018-05-04,44.93,45.92,44.8,45.71,0.0
2018-05-07,45.94,46.24,45.78,46.07,0.0
2018-05-08,45.88,45.99,45.55,45.94,0.0
2018-05-09,46.23,46.68,45.98,46.58,0.0
2018-05-10,46.8,47.1,46.61,46.93,0.0
2018-05-11,47.11,47.15,46.64,46.82,0.0
2018-05-14,46.81,47.26,46.69,46.82,0.0
2018-05-15,46.51,46.82,46.25,46.81,0.0
2018-05-16,46.93,46.93,46.45,46.73,0.0
2018-05-17,46.69,47.06,46.42,46.54,0.0
2018-05-18,46.69,46.79,46.24,46.32,0.0
2018-05-21,46.53,47.29,46.49,47.21,0.0
2018-05-22,47.24,47.54,46.31,46.37,0.0
2018-05-23,46.08,46.97,46.02,46.9,0.0
2018-05-24,46.66,46.94,46.14,46.46,0.0
2018-05-25,46.49,47.17,46.48,47.0,0.0
2018-05-29,46.55,46.8,46.04,46.26,0.0
2018-05-30,46.63,47.23,46.43,47.05,0.0
2018-05-31,46.93,47.17,46.71,46.72,0.0
2018-06-01,47.08,47.36,46.9,47.35,0.0
2018-06-04,47.48,47.57,47.23,47.32,0.0
2018-06-05,47.33,47.42,46.81,47.13,0.0
2018-06-06,47.42,47.81,47.1,47.75,0.0
2018-06-07,47.93,48.03,47.42,47.68,0.0
2018-06-08,47.41,48.38,47.41,48.18,0.0
2018-06-11,48.15,48.39,47.97,48.19,0.0
2018-06-12,48.21,48.59,48.16,48.45,0.0
2018-06-13,48.11,48.67,48.09,48.27,0.0
2018-06-14,47.01,47.02,45.66,45.9,0.0
2018-06-15,45.87,46.49,45.19,46.28,0.0
2018-06-18,45.82,46.6,45.46,46.52,0.0
2018-06-19,45.84,46.41,45.77,46.27,0.0
2018-06-20,43.51,44.79,42.57,42.82,0.0
2018-06-21,43.18,43.84,42.98,43.1,0.0
2018-06-22,43.2,44.3,43.16,44.1,0.0
2018-06-25,43.57,44.47,43.49,44.28,0.0
2018-06-26,44.46,44.85,44.37,44.41,0.0
2018-06-27,44.57,44.74,43.44,43.45,0.0
2018-06-28,43.51,44.02,43.36,43.84,0.0
2018-06-29,44.04,44.53,43.75,44.06,0.0
2018-07-02,43.96,44.97,43.77,44.95,0.0
2018-07-03,44.99,44.99,44.52,44.72,0.0
2018-07-05,45.15,45.47,44.99,45.41,0.0
2018-07-06,45.46,46.19,45.27,46.0,0.0
2018-07-09,46.13,46.79,46.06,46.73,0.0
2018-07-10,46.83,47.36,46.68,46.99,0.0
2018-07-11,46.82,47.76,46.71,47.64,0.0
2018-07-12,47.79,48.2,47.75,48.15,0.0
2018-07-13,47.97,48.81,47.83,48.63,0.0
2018-07-16,48.62,48.62,47.95,48.46,0.19
2018-07-17,48.29,48.99,48.15,48.9,0.0
2018-07-18,48.79,49.0,48.4,48.64,0.0
2018-07-19,48.4,48.72,48.21,48.44,0.0
2018-07-20,48.49,48.71,48.36,48.52,0.0
2018-07-23,48.62,48.67,48.05,48.67,0.0
2018-07-24,48.75,49.1,48.56,48.67,0.0
2018-07-25,48.52,48.97,48.5,48.95,0.0
2018-07-26,48.85,49.17,48.76,48.87,0.0
2018-07-27,48.99,49.12,48.38,48.63,0.0
2018-07-30,48.58,48.58,47.46,47.73,0.0
2018-07-31,47.9,48.08,47.39,47.68,0.0
2018-08-01,47.91,48.22,47.15,47.35,0.0
2018-08-02,47.04,48.07,46.63,47.9,0.0
2018-08-03,47.92,48.48,47.9,48.47,0.0
2018-08-06,48.29,48.76,48.22,48.67,0.0
2018-08-07,48.94,48.95,48.47,48.48,0.0
2018-08-08,48.42,48.62,48.26,48.39,0.0
2018-08-09,48.27,48.71,48.27,48.54,0.0
2018-08-10,48.37,48.72,48.23,48.32,0.0
2018-08-13,48.34,48.59,47.97,48.01,0.0
2018-08-14,48.12,48.35,47.94,48.23,0.0
2018-08-15,48.1,48.26,47.53,47.84,0.0
2018-08-16,48.14,48.45,48.04,48.1,0.0
2018-08-17,48.21,48.5,47.99,48.36,0.0
2018-08-20,48.4,48.6,48.26,48.42,0.0
2018-08-21,48.58,48.64,48.37,48.41,0.0
2018-08-22,48.34,48.91,48.24,48.8,0.0
2018-08-23,48.8,49.34,48.68,48.96,0.0
2018-08-24,49.0,49.39,48.97,49.26,0.0
2018-08-27,49.41,49.7,49.29,49.33,0.0
2018-08-28,49.39,49.43,48.6,48.64,0.0
2018-08-29,48.64,49.1,48.64,48.89,0.0
2018-08-30,48.89,48.89,48.31,48.38,0.0
2018-08-31,48.38,48.63,48.35,48.58,0.0
2018-09-04,48.36,48.83,48.16,48.58,0.0
2018-09-05,48.41,48.49,47.79,48.04,0.0
2018-09-06,47.95,48.22,47.52,47.71,0.0
2018-09-07,47.46,47.99,47.33,47.81,0.0
2018-09-10,48.0,49.05,48.0,48.86,0.0
2018-09-11,48.52,49.05,48.52,48.92,0.0
2018-09-12,48.75,49.47,48.62,49.34,0.0
2018-09-13,49.28,49.75,48.88,48.96,0.0
2018-09-14,48.94,49.45,48.94,49.25,0.0
2018-09-17,49.31,49.94,49.11,49.18,0.0
2018-09-18,47.51,49.54,47.36,49.03,0.0
2018-09-19,48.92,49.54,48.66,49.43,0.0
2018-09-20,49.66,51.08,49.56,50.43,0.0
2018-09-21,50.83,51.12,50.35,51.1,0.0
2018-09-24,50.81,51.6,50.71,51.24,0.0
2018-09-25,51.39,51.93,50.97,51.72,0.0
2018-09-26,51.75,52.11,51.56,51.63,0.0
2018-09-27,51.56,52.02,51.33,51.69,0.0
2018-09-28,51.54,52.01,51.49,51.56,0.0
2018-10-01,51.22,51.99,51.14,51.8,0.0
2018-10-02,51.65,51.8,50.13,50.23,0.0
2018-10-03,49.59,50.1,49.59,49.75,0.0
2018-10-04,49.68,49.78,49.17,49.47,0.0
2018-10-05,49.42,49.77,49.12,49.35,0.0
2018-10-08,49.27,49.64,48.9,49.36,0.0
2018-10-09,49.11,49.4,48.83,48.87,0.0
2018-10-10,48.81,48.98,47.37,47.4,0.0
2018-10-11,47.33,47.89,46.49,46.78,0.0
2018-10-12,47.4,47.75,46.66,47.38,0.0
2018-10-15,46.96,47.62,46.87,47.12,0.19
2018-10-16,47.57,48.42,47.47,48.23,0.0
2018-10-17,47.43,48.24,47.43,47.86,0.0
2018-10-18,47.57,48.14,47.13,47.38,0.0
2018-10-19,47.5,48.24,47.35,47.59,0.0
2018-10-22,47.85,48.49,47.71,47.94,0.0
2018-10-23,47.16,48.32,47.12,47.99,0.0
2018-10-24,47.88,48.3,46.7,46.76,0.0
2018-10-25,47.42,48.29,47.28,47.96,0.0
2018-10-26,47.24,48.07,46.71,47.32,0.0
2018-10-29,47.81,48.09,46.34,47.02,0.0
2018-10-30,47.08,48.62,46.92,48.57,0.0
2018-10-31,49.05,49.45,48.59,48.84,0.0
2018-11-01,48.96,49.24,48.34,48.59,0.0
2018-11-02,48.93,49.02,48.24,48.83,0.0
2018-11-05,49.0,49.13,48.5,49.02,0.0
2018-11-06,49.1,49.47,48.83,49.25,0.0
2018-11-07,49.58,50.5,49.47,50.26,0.0
2018-11-08,50.22,50.5,50.07,50.43,0.0
2018-11-09,50.42,50.82,50.31,50.61,0.0
2018-11-12,50.17,50.38,49.11,49.22,0.0
2018-11-13,49.47,50.0,49.24,49.51,0.0
2018-11-14,49.97,49.97,48.74,48.84,0.0
2018-11-15,50.04,50.69,49.05,50.63,0.0
2018-11-16,50.53,51.45,50.42,51.17,0.0
2018-11-19,51.05,51.1,49.4,49.55,0.0
2018-11-20,48.67,49.07,47.96,48.33,0.0
2018-11-21,48.76,49.18,48.53,48.62,0.0
2018-11-23,48.04,49.12,48.04,48.7,0.0
2018-11-26,49.16,49.16,48.1,48.26,0.0
2018-11-27,47.92,47.98,46.79,47.44,0.0
2018-11-28,47.73,48.25,47.37,48.19,0.0
2018-11-29,48.38,48.38,47.44,47.9,0.0
2018-11-30,48.09,48.84,47.71,48.76,0.0
2018-12-03,49.44,50.12,49.21,49.83,0.0
2018-12-04,49.52,50.22,48.71,48.75,0.0
2018-12-06,47.75,47.77,45.65,46.68,0.0
2018-12-07,46.76,47.04,45.81,46.0,0.0
2018-12-10,46.01,47.08,45.34,46.67,0.0
2018-12-11,46.98,47.13,46.06,46.46,0.0
2018-12-12,47.11,48.11,47.01,47.32,0.0
2018-12-13,47.48,47.55,46.75,47.23,0.0
2018-12-14,46.78,47.03,46.41,46.6,0.0
2018-12-17,46.42,47.23,45.53,45.73,0.0
2018-12-18,48.1,48.34,45.44,45.85,0.0
2018-12-19,46.06,47.44,45.75,46.45,0.0
2018-12-20,46.05,46.95,45.48,46.24,0.0
2018-12-21,46.08,46.21,43.86,44.0,0.0
2018-12-24,43.77,43.82,42.68,42.69,0.0
2018-12-26,43.0,44.61,42.4,44.59,0.0
2018-12-27,43.95,45.09,43.46,44.97,0.0
2018-12-28,45.14,45.77,44.74,44.82,0.0
2018-12-31,45.19,45.5,44.84,45.15,0.0
2019-01-02,44.48,45.34,44.45,45.22,0.0
2019-01-03,44.75,45.5,44.41,44.78,0.0
2019-01-04,45.37,46.95,45.25,46.71,0.0
2019-01-07,46.93,48.11,46.47,47.45,0.0
2019-01-08,47.93,48.36,47.2,47.88,0.0
2019-01-09,46.64,48.23,46.61,47.78,0.0
2019-01-10,47.38,47.98,46.88,47.82,0.0
2019-01-11,47.67,48.62,47.37,48.29,0.0
2019-01-14,47.85,48.34,47.62,48.18,0.0
2019-01-15,47.47,48.53,47.41,48.38,0.19
2019-01-16,48.58,48.79,48.05,48.06,0.0
2019-01-17,48.01,48.91,47.81,48.58,0.0
2019-01-18,48.94,49.57,48.87,49.27,0.0
2019-01-22,48.84,49.17,48.66,48.94,0.0
2019-01-23,49.19,49.48,48.83,49.24,0.0
2019-01-24,49.26,49.43,48.87,49.2,0.0
2019-01-25,49.6,49.9,49.45,49.8,0.0
2019-01-28,49.45,49.73,49.21,49.52,0.0
2019-01-29,49.39,49.92,49.19,49.61,0.0
2019-01-30,49.86,50.5,49.6,50.36,0.0
2019-01-31,50.24,50.5,50.07,50.23,0.0
2019-02-01,50.52,51.1,50.29,50.81,0.0
2019-02-04,50.38,51.25,50.38,51.03,0.0
2019-02-05,51.17,51.37,50.89,51.24,0.0
2019-02-06,51.19,51.49,50.97,51.26,0.0
2019-02-07,50.79,50.99,50.17,50.22,0.0
2019-02-08,50.09,51.03,49.82,51.03,0.0
2019-02-11,50.96,51.48,50.95,51.23,0.0
2019-02-12,51.46,51.55,51.19,51.22,0.0
2019-02-13,51.25,51.55,50.95,51.42,0.0
2019-02-14,51.24,51.75,51.09,51.48,0.0
2019-02-15,51.13,51.72,51.07,51.72,0.0
2019-02-19,51.48,52.18,51.24,52.02,0.0
2019-02-20,52.0,52.21,51.5,51.77,0.0
2019-02-21,51.63,52.35,51.51,52.11,0.0
2019-02-22,52.39,52.6,52.2,52.48,0.0
2019-02-25,52.75,53.03,52.46,52.56,0.0
2019-02-26,52.46,52.88,52.24,52.6,0.0
2019-02-27,52.52,52.64,52.26,52.38,0.0
2019-02-28,52.2,52.51,52.05,52.13,0.0
2019-03-01,52.5,52.73,52.37,52.51,0.0
2019-03-04,52.67,52.85,51.57,52.04,0.0
2019-03-05,52.04,52.59,52.02,52.36,0.0
2019-03-06,52.31,52.75,52.13,52.35,0.0
2019-03-07,52.2,53.13,52.19,52.58,0.0
2019-03-08,52.35,52.78,52.13,52.77,0.0
2019-03-11,51.94,53.18,51.91,52.66,0.0
2019-03-12,52.67,53.29,52.58,52.8,0.0
2019-03-13,53.06,53.47,52.74,53.06,0.0
2019-03-14,52.98,53.4,52.85,53.05,0.0
2019-03-15,51.4,53.39,51.0,52.94,0.0
2019-03-18,52.87,53.96,52.78,53.46,0.0
2019-03-19,53.8,54.38,53.75,54.04,0.0
2019-03-20,53.89,54.19,52.51,52.64,0.0
2019-03-21,52.63,54.05,52.35,54.04,0.0
2019-03-22,53.62,53.88,52.74,52.77,0.0
2019-03-25,52.56,52.94,52.23,52.74,0.0
2019-03-26,53.29,53.54,53.06,53.28,0.0
2019-03-27,53.28,53.65,52.31,52.81,0.0
2019-03-28,53.0,53.3,52.79,53.19,0.0
2019-03-29,53.47,53.74,53.25,53.71,0.0
2019-04-01,53.88,54.65,53.85,54.58,0.0
2019-04-02,54.41,54.5,53.88,54.15,0.0
2019-04-03,54.16,54.39,53.86,54.06,0.0
2019-04-04,53.86,54.15,53.41,53.82,0.0
2019-04-05,53.74,54.19,53.74,53.93,0.0
2019-04-08,53.73,53.93,53.33,53.72,0.0
2019-04-09,53.5,54.1,53.47,53.83,0.0
2019-04-10,53.62,54.16,53.6,53.97,0.24
2019-04-11,54.05,54.19,53.52,53.79,0.0
2019-04-12,54.1,54.5,53.87,54.5,0.0
2019-04-15,54.5,54.75,54.31,54.63,0.0
2019-04-16,54.67,54.91,54.33,54.59,0.0
2019-04-17,54.68,54.83,54.39,54.48,0.0
2019-04-18,54.44,54.67,54.23,54.52,0.0
2019-04-22,54.4,54.68,54.2,54.62,0.0
2019-04-23,54.75,55.14,54.72,54.94,0.0
2019-04-24,55.0,55.53,54.96,55.18,0.0
2019-04-25,55.15,55.22,54.58,55.01,0.0
2019-04-26,55.22,55.49,55.01,55.41,0.0
2019-04-29,55.29,55.49,55.08,55.08,0.0
2019-04-30,55.06,55.38,54.84,55.33,0.0
2019-05-01,55.32,55.42,54.8,54.88,0.0
2019-05-02,54.81,55.05,54.46,54.6,0.0
2019-05-03,54.8,55.02,54.67,54.79,0.0
2019-05-06,53.9,55.0,53.83,54.85,0.0
2019-05-07,54.2,54.64,53.65,54.0,0.0
2019-05-08,54.35,54.43,53.81,53.99,0.0
2019-05-09,53.46,54.35,53.08,54.25,0.0
2019-05-10,53.77,54.97,53.51,54.65,0.0
2019-05-13,53.72,53.95,53.39,53.43,0.0
2019-05-14,53.64,54.62,53.36,54.13,0.0
2019-05-15,53.91,54.81,53.84,54.56,0.0
2019-05-16,54.91,55.15,54.55,54.64,0.0
2019-05-17,54.19,54.92,54.19,54.5,0.0
2019-05-20,53.95,54.36,53.53,53.66,0.0
2019-05-21,54.21,54.27,54.03,54.17,0.0
2019-05-22,54.23,54.55,54.04,54.2,0.0
2019-05-23,53.72,53.72,52.51,53.08,0.0
2019-05-24,53.38,53.47,52.59,52.77,0.0
2019-05-28,53.08,53.28,51.75,51.75,0.0
2019-05-29,51.43,51.81,51.05,51.69,0.0
2019-05-30,51.93,52.03,51.46,51.72,0.0
2019-05-31,51.24,51.36,50.51,50.6,0.0
2019-06-03,50.56,51.08,49.89,50.24,0.0
2019-06-04,50.79,52.24,50.63,52.02,0.0
2019-06-05,52.78,53.24,51.85,52.1,0.0
2019-06-06,52.09,52.74,51.86,52.59,0.0
2019-06-07,52.8,53.42,52.78,53.26,0.0
2019-06-10,53.68,54.41,53.57,54.01,0.0
2019-06-11,54.5,54.61,53.84,53.94,0.0
2019-06-12,53.68,54.05,53.43,53.62,0.0
2019-06-13,53.98,53.98,53.44,53.84,0.0
2019-06-14,53.61,53.83,53.28,53.28,0.0
2019-06-17,53.34,53.55,52.95,53.13,0.0
2019-06-18,52.86,53.6,52.41,52.9,0.0
2019-06-19,52.75,53.13,52.25,52.68,0.0
2019-06-20,55.98,57.47,55.53,56.99,0.0
2019-06-21,57.14,57.15,56.06,56.12,0.0
2019-06-24,56.25,57.3,55.9,56.74,0.0
2019-06-25,56.87,57.18,56.06,56.07,0.0
2019-06-26,56.43,56.85,56.24,56.66,0.0
2019-06-27,57.0,57.39,56.76,56.77,0.0
2019-06-28,56.9,57.08,56.36,56.97,0.0
2019-07-01,57.15,58.09,57.03,58.01,0.0
2019-07-02,57.88,58.56,57.77,58.46,0.0
2019-07-03,58.45,58.95,58.38,58.86,0.0
2019-07-05,58.53,59.52,58.34,59.28,0.0
2019-07-08,59.19,59.67,59.01,59.53,0.0
2019-07-09,59.2,59.63,59.01,59.6,0.0
2019-07-10,59.94,60.5,59.75,60.15,0.0
2019-07-11,60.18,60.21,59.4,59.99,0.0
2019-07-12,60.09,60.09,59.3,59.81,0.0
2019-07-15,59.85,59.85,59.25,59.53,0.0
2019-07-16,59.17,59.48,58.59,58.61,0.24
2019-07-17,58.8,58.95,57.99,57.99,0.0
2019-07-18,57.69,58.14,57.6,58.12,0.0
2019-07-19,58.31,58.53,57.52,57.54,0.0
2019-07-22,57.88,58.08,57.55,57.6,0.0
2019-07-23,58.06,58.14,57.45,57.45,0.0
2019-07-24,57.45,58.22,57.38,58.11,0.0
2019-07-25,58.37,58.63,58.08,58.29,0.0
2019-07-26,58.34,58.65,58.2,58.5,0.0
2019-07-29,58.79,58.79,57.8,58.06,0.0
2019-07-30,57.76,58.15,57.43,57.49,0.0
2019-07-31,57.88,57.88,55.62,56.3,0.0
2019-08-01,56.3,56.85,55.52,55.88,0.0
2019-08-02,56.19,56.19,55.0,55.84,0.0
2019-08-05,55.1,55.1,53.69,53.76,0.0
2019-08-06,54.2,54.45,53.61,53.96,0.0
2019-08-07,53.13,54.07,52.97,53.34,0.0
2019-08-08,53.72,54.75,53.72,54.65,0.0
2019-08-09,54.24,54.47,53.52,53.9,0.0
2019-08-12,53.68,53.79,53.0,53.25,0.0
2019-08-13,53.14,54.24,53.0,53.97,0.0
2019-08-14,53.35,53.37,52.24,52.32,0.0
2019-08-15,52.65,52.72,51.96,52.59,0.0
2019-08-16,53.18,53.7,53.01,53.59,0.0
2019-08-19,54.22,54.37,53.76,53.87,0.0
2019-08-20,53.52,53.84,52.9,52.98,0.0
2019-08-21,53.53,53.93,53.17,53.24,0.0
2019-08-22,53.58,53.72,52.89,53.19,0.0
2019-08-23,53.06,53.32,51.25,51.58,0.0
2019-08-26,52.14,52.32,51.83,52.13,0.0
2019-08-27,52.44,52.62,52.22,52.39,0.0
2019-08-28,52.2,52.2,51.62,51.95,0.0
2019-08-29,52.65,52.81,52.09,52.16,0.0
2019-08-30,52.5,52.55,51.75,52.06,0.0
2019-09-03,51.94,52.0,51.55,51.89,0.0
2019-09-04,52.35,53.13,52.22,52.97,0.0
2019-09-05,53.73,54.33,53.63,53.84,0.0
2019-09-06,54.1,54.14,53.14,53.16,0.0
2019-09-09,53.62,54.68,53.45,54.54,0.0
2019-09-10,54.54,55.47,54.14,55.47,0.0
2019-09-11,55.27,56.29,55.16,56.29,0.0
2019-09-12,54.34,54.88,52.9,53.89,0.0
2019-09-13,54.0,54.72,53.33,53.75,0.0
2019-09-16,53.4,53.57,52.79,53.14,0.0
2019-09-17,53.18,53.2,52.35,52.87,0.0
2019-09-18,52.82,52.84,51.86,52.56,0.0
2019-09-19,52.39,53.67,52.39,53.37,0.0
2019-09-20,53.71,54.25,53.42,53.47,0.0
2019-09-23,53.17,54.17,53.06,54.02,0.0
2019-09-24,54.14,54.49,53.12,53.35,0.0
2019-09-25,53.31,53.95,52.89,53.84,0.0
2019-09-26,54.11,54.33,53.47,53.96,0.0
2019-09-27,54.19,54.6,53.62,54.09,0.0
2019-09-30,54.25,55.28,54.05,55.03,0.0
2019-10-01,55.04,55.64,53.75,53.8,0.0
2019-10-02,53.5,53.56,52.68,53.15,0.0
2019-10-03,53.06,53.88,52.94,53.86,0.0
2019-10-04,54.0,55.18,53.84,55.14,0.0
2019-10-07,55.07,55.36,54.75,54.8,0.0
2019-10-08,54.29,54.71,53.77,54.05,0.0
2019-10-09,54.15,54.99,54.06,54.53,0.24
2019-10-10,54.45,55.6,54.35,55.49,0.0
2019-10-11,55.92,57.33,55.71,56.89,0.0
2019-10-14,56.83,57.21,56.41,56.46,0.0
2019-10-15,56.63,56.82,56.35,56.35,0.0
2019-10-16,55.79,56.01,55.55,55.88,0.0
2019-10-17,56.01,56.24,54.99,55.06,0.0
2019-10-18,54.95,55.26,54.18,54.55,0.0
2019-10-21,55.06,55.3,54.82,55.13,0.0
2019-10-22,55.22,55.43,54.02,54.11,0.0
2019-10-23,54.0,54.63,53.87,54.13,0.0
2019-10-24,54.47,54.65,53.94,54.26,0.0
2019-10-25,54.04,54.42,54.01,54.17,0.0
2019-10-28,54.35,54.68,54.27,54.64,0.0
2019-10-29,54.72,55.31,54.56,54.8,0.0
2019-10-30,55.18,55.18,54.45,54.85,0.0
2019-10-31,54.72,54.85,54.24,54.49,0.0
2019-11-01,54.81,55.15,54.55,55.0,0.0
2019-11-04,55.26,55.75,55.26,55.45,0.0
2019-11-05,55.76,55.84,55.51,55.67,0.0
2019-11-06,55.71,55.89,55.6,55.7,0.0
2019-11-07,55.96,56.63,55.86,55.98,0.0
2019-11-08,55.98,56.49,55.77,56.49,0.0
2019-11-11,56.2,56.61,56.18,56.43,0.0
2019-11-12,56.53,56.85,56.42,56.59,0.0
2019-11-13,56.21,56.56,56.17,56.21,0.0
2019-11-14,55.81,56.33,55.64,56.09,0.0
2019-11-15,56.4,56.56,56.27,56.42,0.0
2019-11-18,56.56,56.56,55.96,56.19,0.0
2019-11-19,56.47,56.95,56.26,56.27,0.0
2019-11-20,56.22,56.62,55.81,56.24,0.0
2019-11-21,56.22,56.59,56.12,56.23,0.0
2019-11-22,56.42,57.06,56.25,56.39,0.0
2019-11-25,56.46,56.68,56.28,56.56,0.0
2019-11-26,56.75,56.86,56.42,56.51,0.0
2019-11-27,56.9,56.91,56.38,56.61,0.0
2019-11-29,56.33,56.49,56.09,56.14,0.0
2019-12-02,56.23,56.46,55.38,55.43,0.0
2019-12-03,54.62,54.99,54.46,54.59,0.0
2019-12-04,54.9,54.9,54.18,54.41,0.0
2019-12-05,54.5,54.83,54.3,54.68,0.0
2019-12-06,55.03,55.13,54.61,54.83,0.0
2019-12-09,54.84,55.48,54.76,55.31,0.0
2019-12-10,55.4,55.91,55.23,55.82,0.0
2019-12-11,55.8,56.5,55.65,56.31,0.0
2019-12-12,56.3,56.66,55.76,56.47,0.0
2019-12-13,55.0,55.4,54.42,54.51,0.0
2019-12-16,54.6,54.98,53.7,53.99,0.0
2019-12-17,53.89,54.06,52.83,52.84,0.0
2019-12-18,53.06,53.61,52.95,53.39,0.0
2019-12-19,53.3,53.6,53.04,53.24,0.0
2019-12-20,53.91,53.95,53.35,53.6,0.0
2019-12-23,53.65,54.07,53.61,53.71,0.0
2019-12-24,53.78,53.96,53.36,53.44,0.0
2019-12-26,53.45,53.66,53.28,53.57,0.0
2019-12-27,53.66,53.8,53.34,53.46,0.0
2019-12-30,53.4,53.49,52.62,52.7,0.0
2019-12-31,52.57,53.0,52.55,52.98,0.0
2020-01-02,53.27,53.96,53.23,53.95,0.0
2020-01-03,52.99,54.05,52.95,53.76,0.0
2020-01-06,53.36,54.2,53.35,54.04,0.0
2020-01-07,53.89,54.33,53.61,54.16,0.0
2020-01-08,53.94,54.6,53.7,54.13,0.24
2020-01-09,54.25,54.8,54.03,54.38,0.0
2020-01-10,54.55,54.65,54.22,54.45,0.0
2020-01-13,54.46,54.79,54.36,54.58,0.0
2020-01-14,54.52,55.18,54.5,54.88,0.0
2020-01-15,54.88,55.18,54.68,54.76,0.0
2020-01-16,54.98,55.45,54.93,55.43,0.0
2020-01-17,55.63,55.69,54.85,55.13,0.0
2020-01-21,54.98,55.36,54.92,55.22,0.0
2020-01-22,55.41,55.65,54.6,54.72,0.0
2020-01-23,54.41,55.0,54.28,54.98,0.0
2020-01-24,55.06,55.2,53.88,54.07,0.0
2020-01-27,53.18,53.52,52.63,52.69,0.0
2020-01-28,52.86,53.68,52.66,53.46,0.0
2020-01-29,53.78,53.94,53.18,53.2,0.0
2020-01-30,52.82,53.33,52.28,53.31,0.0
2020-01-31,53.34,53.49,52.29,52.45,0.0
2020-02-03,52.73,53.41,52.69,53.09,0.0
2020-02-04,53.75,54.56,53.75,54.04,0.0
2020-02-05,54.67,55.03,54.58,54.74,0.0
2020-02-06,55.0,55.35,54.71,54.71,0.0
2020-02-07,54.27,54.97,54.19,54.72,0.0
2020-02-10,54.72,55.07,54.45,54.99,0.0
2020-02-11,55.17,55.54,55.11,55.15,0.0
2020-02-12,55.55,55.89,55.25,55.73,0.0
2020-02-13,55.31,55.64,55.01,55.31,0.0
2020-02-14,55.38,55.84,55.24,55.47,0.0
2020-02-18,55.42,55.76,55.1,55.45,0.0
2020-02-19,55.59,55.77,55.39,55.44,0.0
2020-02-20,55.4,55.87,54.88,55.51,0.0
2020-02-21,55.08,55.34,54.44,54.68,0.0
2020-02-24,53.1,53.53,52.51,52.65,0.0
2020-02-25,53.07,53.22,50.8,50.96,0.0
2020-02-26,51.31,53.14,51.24,52.05,0.0
2020-02-27,50.88,53.46,50.76,50.78,0.0
2020-02-28,49.24,49.89,47.9,49.46,0.0
2020-03-02,49.73,50.9,48.67,50.9,0.0
2020-03-03,50.62,51.84,48.25,48.85,0.0
2020-03-04,49.85,50.59,48.83,50.54,0.0
2020-03-05,49.23,49.68,47.75,48.0,0.0
2020-03-06,46.57,48.3,46.46,47.37,0.0
2020-03-09,44.95,47.57,44.66,46.01,0.0
2020-03-10,47.45,48.91,46.16,48.58,0.0
2020-03-11,46.81,47.48,44.27,44.72,0.0
2020-03-12,41.12,43.4,39.71,39.8,0.0
2020-03-13,44.45,47.99,43.42,47.93,0.0
2020-03-16,42.51,47.57,41.26,42.72,0.0
2020-03-17,43.62,47.71,41.66,46.86,0.0
2020-03-18,43.67,47.8,42.56,47.27,0.0
2020-03-19,46.47,47.97,44.87,45.07,0.0
2020-03-20,45.02,46.7,44.51,45.65,0.0
2020-03-23,45.0,46.49,43.89,44.19,0.0
2020-03-24,45.33,48.01,45.3,47.84,0.0
2020-03-25,47.1,48.74,45.48,45.94,0.0
2020-03-26,46.38,50.74,46.19,50.48,0.0
2020-03-27,49.09,51.6,48.56,49.83,0.0
2020-03-30,50.4,51.59,49.59,50.36,0.0
2020-03-31,51.12,51.18,48.0,48.33,0.0
2020-04-01,46.55,48.99,46.04,48.71,0.0
2020-04-02,48.18,49.89,48.1,49.8,0.0
2020-04-03,49.3,50.05,48.95,49.4,0.0
2020-04-06,50.4,51.88,50.35,51.49,0.0
2020-04-07,52.15,52.33,50.71,50.76,0.0
2020-04-08,50.98,52.68,50.88,52.13,0.24
2020-04-09,52.24,53.62,52.03,53.18,0.0
2020-04-13,52.7,53.14,52.4,52.97,0.0
2020-04-14,53.71,54.1,53.45,54.0,0.0
2020-04-15,53.21,53.45,52.81,53.16,0.0
2020-04-16,53.15,53.87,53.07,53.7,0.0
2020-04-17,54.52,54.72,53.97,54.62,0.0
2020-04-20,54.05,54.58,53.8,53.91,0.0
2020-04-21,53.23,53.34,51.12,51.31,0.0
2020-04-22,52.03,52.58,51.77,52.27,0.0
2020-04-23,52.23,52.99,51.45,51.97,0.0
2020-04-24,52.41,53.05,51.96,53.01,0.0
2020-04-27,53.36,53.64,53.06,53.37,0.0
2020-04-28,53.9,54.15,53.13,53.2,0.0
2020-04-29,53.95,54.28,53.69,53.88,0.0
2020-04-30,53.47,53.6,52.8,52.97,0.0
2020-05-01,52.38,52.44,51.31,51.79,0.0
2020-05-04,51.71,51.79,51.1,51.75,0.0
2020-05-05,52.22,52.86,51.99,52.05,0.0
2020-05-06,52.43,52.5,51.7,51.86,0.0
2020-05-07,52.4,52.92,52.27,52.6,0.0
2020-05-08,53.19,53.78,52.77,53.57,0.0
2020-05-11,53.13,53.83,53.06,53.53,0.0
2020-05-12,53.8,53.83,52.25,52.27,0.0
2020-05-13,52.43,52.49,51.28,51.65,0.0
2020-05-14,51.14,53.03,50.86,52.91,0.0
2020-05-15,52.7,53.99,52.52,52.92,0.0
2020-05-18,53.91,53.95,53.07,53.15,0.0
2020-05-19,53.18,53.25,52.32,52.34,0.0
2020-05-20,53.09,53.27,52.65,52.9,0.0
2020-05-21,52.76,52.94,52.12,52.22,0.0
2020-05-22,52.34,52.64,52.08,52.62,0.0
2020-05-26,53.65,53.68,52.65,52.78,0.0
2020-05-27,53.0,53.25,52.57,53.2,0.0
2020-05-28,53.76,54.15,53.22,53.62,0.0
2020-05-29,53.62,53.94,52.99,53.77,0.0
2020-06-01,53.28,53.39,52.79,53.06,0.0
2020-06-02,53.24,53.29,52.64,53.28,0.0
2020-06-03,53.33,53.62,52.99,53.49,0.0
2020-06-04,53.23,53.69,52.63,52.85,0.0
2020-06-05,53.09,54.27,52.74,53.98,0.0
2020-06-08,53.35,55.12,53.28,55.1,0.0
2020-06-09,55.0,55.06,53.88,54.18,0.0
2020-06-10,54.5,54.66,53.9,54.11,0.0
2020-06-11,53.25,53.56,51.23,51.31,0.0
2020-06-12,52.45,53.0,50.98,51.86,0.0
2020-06-15,50.96,53.43,50.91,53.25,0.0
2020-06-16,54.46,55.0,53.78,54.59,0.0
2020-06-17,53.03,53.74,51.5,51.52,0.0
2020-06-18,51.6,54.0,51.32,53.69,0.0
2020-06-19,54.21,54.46,52.98,54.4,0.0
2020-06-22,54.09,55.39,53.88,55.12,0.0
2020-06-23,55.3,55.97,55.13,55.19,0.0
2020-06-24,55.12,55.68,54.33,54.44,0.0
2020-06-25,54.4,54.59,53.54,54.53,0.0
2020-06-26,54.35,54.59,53.63,54.18,0.0
2020-06-29,54.23,54.96,53.85,54.76,0.0
2020-06-30,54.8,55.44,54.5,55.27,0.0
2020-07-01,54.69,55.88,54.68,55.49,0.0
2020-07-02,55.79,56.43,55.65,55.94,0.0
2020-07-06,56.2,56.83,56.16,56.6,0.0
2020-07-07,56.35,56.95,56.22,56.31,0.0
2020-07-08,56.63,56.68,55.99,56.66,0.0
2020-07-09,56.99,57.8,56.82,57.53,0.0
2020-07-10,57.47,57.52,56.69,57.39,0.0
2020-07-13,57.4,57.84,56.97,57.01,0.0
2020-07-14,56.67,57.29,56.48,57.2,0.24
2020-07-15,57.42,57.84,56.38,56.62,0.0
2020-07-16,56.42,56.49,55.58,55.82,0.0
2020-07-17,56.08,56.12,54.76,54.9,0.0
2020-07-20,54.88,55.52,54.69,55.4,0.0
2020-07-21,55.8,56.34,55.58,55.91,0.0
2020-07-22,55.7,56.18,55.7,56.01,0.0
2020-07-23,56.0,56.36,55.6,55.76,0.0
2020-07-24,55.47,56.04,55.26,55.65,0.0
2020-07-27,55.66,55.95,55.32,55.34,0.0
2020-07-28,55.25,55.74,55.2,55.35,0.0
2020-07-29,55.56,55.9,55.35,55.7,0.0
2020-07-30,55.0,55.48,54.89,55.25,0.0
2020-07-31,55.0,55.47,54.33,55.45,0.0
2020-08-03,55.78,56.09,55.49,55.98,0.0
2020-08-04,55.78,56.01,55.53,56.0,0.0
2020-08-05,56.32,56.32,55.38,55.5,0.0
2020-08-06,55.49,55.6,54.94,55.28,0.0
2020-08-07,55.01,55.24,54.76,55.23,0.0
2020-08-10,55.24,55.62,54.88,54.94,0.0
2020-08-11,55.24,55.46,54.14,54.27,0.0
2020-08-12,54.52,54.7,53.97,54.17,0.0
2020-08-13,53.91,54.2,53.68,54.02,0.0
2020-08-14,54.03,54.56,53.77,54.2,0.0
2020-08-17,54.2,54.39,53.66,53.99,0.0
2020-08-18,55.62,56.93,54.87,55.18,0.0
2020-08-19,55.58,56.8,55.46,56.2,0.0
2020-08-20,55.59,55.81,55.09,55.26,0.0
2020-08-21,55.38,55.45,54.73,55.19,0.0
2020-08-24,55.76,56.11,55.44,56.01,0.0
2020-08-25,56.15,56.75,56.02,56.09,0.0
2020-08-26,56.34,57.49,56.06,57.49,0.0
2020-08-27,57.45,58.45,56.58,57.18,0.0
2020-08-28,57.33,58.16,57.21,57.88,0.0
2020-08-31,57.13,57.76,57.04,57.22,0.0
2020-09-01,57.37,58.01,57.08,57.66,0.0
2020-09-02,57.72,59.32,57.72,59.03,0.0
2020-09-03,58.72,58.99,56.65,57.1,0.0
2020-09-04,56.88,57.27,55.16,55.73,0.0
2020-09-08,55.35,55.79,54.87,55.32,0.0
2020-09-09,56.16,57.4,55.86,56.95,0.0
2020-09-10,57.44,58.18,56.75,57.33,0.0
2020-09-11,60.71,61.86,56.87,57.0,0.0
2020-09-14,60.86,61.5,59.35,59.46,0.0
2020-09-15,60.01,61.68,59.39,60.94,0.0
2020-09-16,61.12,61.39,59.65,60.43,0.0
2020-09-17,59.42,60.61,59.0,60.18,0.0
2020-09-18,59.98,60.29,59.43,59.75,0.0
2020-09-21,62.46,62.6,60.03,60.82,0.0
2020-09-22,60.38,60.75,59.46,60.62,0.0
2020-09-23,60.11,60.49,58.9,58.96,0.0
2020-09-24,58.74,59.9,58.29,59.3,0.0
2020-09-25,59.27,59.99,58.96,59.8,0.0
2020-09-28,60.03,60.54,59.47,59.58,0.0
2020-09-29,59.58,60.16,59.4,59.47,0.0
2020-09-30,59.52,60.39,59.37,59.7,0.0
2020-10-01,60.17,60.27,59.45,59.68,0.0
2020-10-02,58.71,59.52,58.51,58.83,0.0
2020-10-05,59.44,59.67,59.09,59.56,0.0
2020-10-06,59.51,60.53,59.41,59.51,0.0
2020-10-07,59.77,60.9,59.64,60.59,0.24
2020-10-08,60.79,61.3,60.63,60.89,0.0
2020-10-09,61.15,61.38,60.86,61.15,0.0
2020-10-12,61.24,61.83,61.07,61.46,0.0
2020-10-13,61.57,61.78,60.88,60.97,0.0
2020-10-14,61.35,61.53,60.85,60.96,0.0
2020-10-15,60.27,60.74,60.08,60.52,0.0
2020-10-16,60.71,61.11,60.26,60.29,0.0
2020-10-19,60.39,60.75,59.39,59.62,0.0
2020-10-20,59.92,60.33,59.63,59.75,0.0
2020-10-21,59.34,60.12,59.22,59.67,0.0
2020-10-22,59.44,59.87,58.69,59.69,0.0
2020-10-23,59.9,60.16,59.71,59.9,0.0
2020-10-26,58.1,58.48,56.53,57.49,0.0
2020-10-27,57.64,57.98,57.02,57.08,0.0
2020-10-28,56.27,56.6,55.53,55.59,0.0
2020-10-29,55.2,56.76,55.14,56.02,0.0
2020-10-30,55.75,56.64,55.45,56.11,0.0
2020-11-02,56.44,57.47,56.12,56.45,0.0
2020-11-03,57.0,57.5,56.57,56.8,0.0
2020-11-04,58.0,58.09,56.35,56.49,0.0
2020-11-05,57.46,57.65,56.42,56.66,0.0
2020-11-06,56.77,56.98,56.15,56.8,0.0
2020-11-09,58.19,59.08,56.77,56.84,0.0
2020-11-10,56.91,57.24,56.2,56.67,0.0
2020-11-11,57.06,57.63,56.8,57.2,0.0
2020-11-12,57.26,57.49,56.1,56.45,0.0
2020-11-13,56.88,57.09,56.55,56.91,0.0
2020-11-16,57.02,57.61,56.88,57.15,0.0
2020-11-17,57.0,57.39,56.81,57.12,0.0
2020-11-18,57.12,57.29,56.24,56.25,0.0
2020-11-19,56.09,56.48,55.56,56.45,0.0
2020-11-20,56.36,56.44,55.68,55.7,0.0
2020-11-23,55.85,56.57,55.77,56.08,0.0
2020-11-24,56.6,57.9,56.36,57.57,0.0
2020-11-25,57.72,57.76,57.26,57.41,0.0
2020-11-27,57.4,57.87,57.15,57.76,0.0
2020-11-30,57.61,58.2,57.2,57.72,0.0
2020-12-01,58.2,59.28,58.01,58.74,0.0
2020-12-02,58.29,59.27,58.14,59.08,0.0
2020-12-03,59.22,59.98,59.06,59.27,0.0
2020-12-04,59.31,60.55,59.27,59.96,0.0
2020-12-07,59.96,60.2,59.63,59.8,0.0
2020-12-08,58.99,59.71,58.22,59.03,0.0
2020-12-09,58.89,59.91,58.8,59.73,0.0
2020-12-10,59.51,59.81,59.04,59.48,0.0
2020-12-11,60.94,61.0,59.42,60.61,0.0
2020-12-14,60.83,61.66,60.69,60.76,0.0
2020-12-15,61.09,62.19,60.9,61.86,0.0
2020-12-16,61.87,63.19,61.85,62.78,0.0
2020-12-17,62.99,64.05,62.73,63.61,0.0
2020-12-18,63.48,65.33,63.43,65.06,0.0
2020-12-21,63.89,65.19,63.88,64.48,0.0
2020-12-22,64.56,66.0,64.43,65.15,0.0
2020-12-23,65.26,66.2,65.15,65.3,0.0
2020-12-24,65.05,65.59,64.78,64.96,0.0
2020-12-28,65.41,65.69,64.75,64.87,0.0
2020-12-29,65.25,65.27,64.22,64.46,0.0
2020-12-30,64.8,64.91,64.35,64.4,0.0
2020-12-31,64.34,64.77,64.01,64.69,0.0
2021-01-04,64.69,64.7,63.17,63.75,0.0
2021-01-05,63.68,63.79,62.48,62.96,0.0
2021-01-06,62.27,63.35,61.91,62.57,0.24
2021-01-07,62.85,63.74,62.85,63.07,0.0
2021-01-08,63.18,63.54,62.91,63.38,0.0
2021-01-11,62.95,63.57,62.84,63.03,0.0
2021-01-12,63.0,63.02,62.18,62.42,0.0
2021-01-13,62.32,62.59,61.97,62.06,0.0
2021-01-14,62.07,62.17,61.51,61.6,0.0
2021-01-15,61.6,62.0,61.21,61.78,0.0
2021-01-19,62.1,62.29,61.1,61.29,0.0
2021-01-20,61.37,62.03,61.15,61.56,0.0
2021-01-21,61.65,61.85,60.92,61.21,0.0
2021-01-22,60.94,61.15,59.74,60.36,0.0
2021-01-25,60.38,60.95,59.77,60.9,0.0
2021-01-26,61.06,62.04,60.84,61.8,0.0
2021-01-27,61.4,63.18,61.37,62.55,0.0
2021-01-28,62.55,63.24,61.17,61.22,0.0
2021-01-29,61.16,61.5,60.21,60.43,0.0
2021-02-01,60.92,62.01,60.74,61.51,0.0
2021-02-02,61.88,62.92,61.8,62.37,0.0
2021-02-03,62.18,62.75,61.98,62.17,0.0
2021-02-04,62.48,63.39,62.25,63.35,0.0
2021-02-05,63.5,64.07,63.28,63.6,0.0
2021-02-08,63.79,63.87,62.84,63.11,0.0
2021-02-09,63.08,63.85,62.91,63.67,0.0
2021-02-10,63.84,63.9,62.93,63.27,0.0
2021-02-11,63.56,63.97,62.28,62.7,0.0
2021-02-12,62.32,63.12,62.31,63.08,0.0
2021-02-16,63.11,63.26,62.1,62.14,0.0
2021-02-17,61.83,62.15,61.36,62.09,0.0
2021-02-18,61.81,62.21,61.66,62.07,0.0
2021-02-19,62.26,62.36,61.08,61.13,0.0
2021-02-22,62.85,64.97,62.28,64.45,0.0
2021-02-23,64.42,65.22,64.05,64.5,0.0
2021-02-24,64.49,65.15,64.08,64.7,0.0
2021-02-25,64.64,66.36,64.58,65.3,0.0
2021-02-26,65.54,66.28,64.5,64.51,0.0
2021-03-01,64.95,66.73,64.77,66.17,0.0
2021-03-02,66.15,67.42,66.0,66.66,0.0
2021-03-03,66.25,67.54,66.2,66.91,0.0
2021-03-04,66.68,67.31,65.31,65.61,0.0
2021-03-05,67.31,71.72,67.31,69.97,0.0
2021-03-08,70.47,72.94,70.1,72.16,0.0
2021-03-09,72.4,73.22,72.0,72.64,0.0
2021-03-10,73.5,73.62,71.5,72.12,0.0
2021-03-11,67.65,68.1,65.43,67.41,0.0
2021-03-12,66.96,67.87,66.45,67.16,0.0
2021-03-15,66.95,67.78,66.9,67.73,0.0
2021-03-16,68.0,68.07,66.68,66.85,0.0
2021-03-17,66.8,66.85,66.16,66.22,0.0
2021-03-18,66.47,67.01,66.09,66.74,0.0
2021-03-19,66.79,66.83,65.96,66.26,0.0
2021-03-22,66.22,66.52,65.86,66.32,0.0
2021-03-23,66.33,67.94,66.33,67.27,0.0
2021-03-24,67.11,67.41,66.74,66.83,0.0
2021-03-25,66.96,68.73,66.76,68.63,0.0
2021-03-26,68.57,70.37,68.28,70.25,0.0
2021-03-29,70.21,72.33,70.17,71.13,0.0
2021-03-30,70.83,71.05,69.95,70.55,0.0
2021-03-31,70.7,71.1,69.91,70.17,0.0
2021-04-01,70.46,71.83,70.33,71.81,0.0
2021-04-05,72.19,74.9,72.06,74.16,0.0
2021-04-06,73.62,74.65,73.16,74.28,0.0
2021-04-07,73.6,74.18,73.45,74.07,0.32
2021-04-08,74.27,75.53,74.15,75.28,0.0
2021-04-09,75.35,75.69,74.9,75.58,0.0
2021-04-12,75.25,76.19,75.2,76.12,0.0
2021-04-13,76.16,77.01,75.9,76.67,0.0
2021-04-14,77.04,77.36,76.51,76.82,0.0
2021-04-15,77.0,78.55,76.83,78.29,0.0
2021-04-16,78.31,79.34,77.86,78.95,0.0
2021-04-19,78.81,80.21,78.34,78.75,0.0
2021-04-20,78.7,79.42,78.65,79.24,0.0
2021-04-21,78.79,79.34,76.53,76.66,0.0
2021-04-22,76.11,76.48,74.75,74.87,0.0
2021-04-23,74.29,75.0,73.85,74.97,0.0
2021-04-26,74.97,75.04,74.2,74.5,0.0
2021-04-27,74.39,75.43,74.22,75.22,0.0
2021-04-28,75.16,75.27,74.66,74.77,0.0
2021-04-29,75.38,75.9,74.64,75.87,0.0
2021-04-30,75.56,75.92,75.19,75.79,0.0
2021-05-03,76.28,77.48,76.08,77.33,0.0
2021-05-04,77.07,78.7,76.93,78.53,0.0
2021-05-05,78.97,79.83,78.42,79.19,0.0
2021-05-06,79.18,79.96,78.56,79.74,0.0
2021-05-07,79.81,80.54,78.58,80.4,0.0
2021-05-10,78.77,80.72,78.6,80.15,0.0
2021-05-11,79.75,79.9,77.25,77.69,0.0
2021-05-12,77.57,78.19,76.53,76.75,0.0
2021-05-13,77.53,78.44,76.88,78.14,0.0
2021-05-14,78.12,79.05,78.12,78.89,0.0
2021-05-17,78.88,79.53,78.85,79.08,0.0
2021-05-18,78.99,79.47,78.39,78.69,0.0
2021-05-19,77.81,78.77,77.55,78.74,0.0
2021-05-20,78.95,79.32,78.68,78.72,0.0
2021-05-21,79.19,79.85,78.98,79.03,0.0
2021-05-24,79.49,79.88,79.14,79.38,0.0
2021-05-25,79.61,79.68,78.65,78.83,0.0
2021-05-26,78.59,79.37,78.55,79.26,0.0
2021-05-27,79.5,80.05,78.84,78.98,0.0
2021-05-28,78.95,79.36,78.67,78.74,0.0
2021-06-01,79.58,79.83,78.48,79.57,0.0
2021-06-02,79.7,80.93,79.51,80.27,0.0
2021-06-03,79.8,81.46,79.65,81.09,0.0
2021-06-04,81.42,83.96,81.37,82.89,0.0
2021-06-07,82.94,84.25,82.85,83.94,0.0
2021-06-08,84.03,85.03,84.0,84.61,0.0
2021-06-09,84.6,84.83,84.03,84.52,0.0
2021-06-10,84.16,84.46,81.71,82.3,0.0
2021-06-11,81.98,83.24,81.84,82.9,0.0
2021-06-14,83.0,83.1,82.13,82.62,0.0
2021-06-15,82.0,82.51,81.35,81.64,0.0
2021-06-16,77.99,78.55,75.9,77.08,0.0
2021-06-17,76.99,77.74,76.56,77.56,0.0
2021-06-18,76.9,76.91,75.97,76.23,0.0
2021-06-21,76.61,78.1,76.55,77.99,0.0
2021-06-22,78.06,79.19,77.66,78.68,0.0
2021-06-23,78.76,78.87,78.06,78.1,0.0
2021-06-24,78.65,78.96,77.61,77.74,0.0
2021-06-25,78.03,78.61,77.56,78.46,0.0
2021-06-28,78.49,78.97,78.33,78.5,0.0
2021-06-29,78.54,78.59,77.82,78.1,0.0
2021-06-30,77.59,78.21,77.58,77.84,0.0
2021-07-01,77.98,79.62,77.91,79.54,0.0
2021-07-02,79.45,82.26,79.35,81.82,0.0
2021-07-06,81.6,83.63,81.36,83.08,0.0
2021-07-07,83.17,87.17,82.96,86.09,0.0
2021-07-08,85.02,86.89,84.66,85.59,0.0
2021-07-09,85.88,88.4,85.78,87.76,0.0
2021-07-12,87.53,88.85,86.97,87.08,0.0
2021-07-13,86.7,87.93,86.53,87.07,0.0
2021-07-14,87.08,88.67,86.66,88.28,0.32
2021-07-15,88.1,88.77,85.51,86.24,0.0
2021-07-16,86.75,88.48,86.52,87.49,0.0
2021-07-19,86.91,87.87,86.19,86.98,0.0
2021-07-20,87.1,89.05,87.02,88.66,0.0
2021-07-21,88.89,90.25,88.46,89.69,0.0
2021-07-22,90.0,91.14,89.68,90.69,0.0
2021-07-23,90.99,91.2,87.12,87.69,0.0
2021-07-26,87.44,88.1,86.67,87.86,0.0
2021-07-27,87.76,88.6,87.12,87.8,0.0
2021-07-28,87.9,87.95,87.12,87.18,0.0
2021-07-29,87.68,88.26,87.33,87.63,0.0
2021-07-30,87.41,88.15,86.87,87.14,0.0
2021-08-02,87.73,87.93,87.09,87.6,0.0
2021-08-03,87.88,90.17,87.81,89.74,0.0
2021-08-04,89.79,90.09,89.28,90.05,0.0
2021-08-05,90.18,90.52,88.76,89.43,0.0
2021-08-06,89.24,89.88,88.82,89.52,0.0
2021-08-09,89.46,90.47,89.1,89.9,0.0
2021-08-10,89.1,90.12,88.93,89.64,0.0
2021-08-11,89.9,90.42,89.51,89.63,0.0
2021-08-12,89.11,89.98,88.67,89.81,0.0
2021-08-13,90.62,91.34,89.95,90.38,0.0
2021-08-16,89.86,90.84,89.54,90.82,0.0
2021-08-17,90.99,91.78,90.37,90.95,0.0
2021-08-18,90.49,91.05,88.86,88.94,0.0
2021-08-19,88.29,89.39,88.23,88.71,0.0
2021-08-20,88.8,89.4,88.3,88.94,0.0
2021-08-23,89.49,89.57,88.71,89.12,0.0
2021-08-24,89.21,89.65,88.47,88.55,0.0
2021-08-25,88.55,88.9,88.05,88.62,0.0
2021-08-26,88.81,89.18,88.46,88.72,0.0
2021-08-27,88.79,89.52,88.61,89.35,0.0
2021-08-30,89.46,89.98,89.3,89.45,0.0
2021-08-31,89.45,89.5,88.49,89.13,0.0
2021-09-01,89.26,90.17,88.87,89.95,0.0
2021-09-02,90.17,90.5,89.41,89.8,0.0
2021-09-03,89.34,90.48,89.3,90.0,0.0
2021-09-07,90.04,90.67,88.54,88.72,0.0
2021-09-08,88.14,89.6,87.97,89.47,0.0
2021-09-09,89.6,90.83,89.41,89.54,0.0
2021-09-10,89.65,90.55,89.51,89.68,0.0
2021-09-13,90.12,90.51,88.23,88.89,0.0
2021-09-14,86.19,86.95,84.73,86.39,0.0
2021-09-15,86.55,88.36,86.17,87.73,0.0
2021-09-16,87.67,87.97,86.19,87.25,0.0
2021-09-17,86.21,87.57,85.95,86.39,0.0
2021-09-20,85.03,87.41,84.93,86.17,0.0
2021-09-21,86.74,87.66,86.12,86.92,0.0
2021-09-22,87.62,89.0,87.24,88.44,0.0
2021-09-23,88.94,90.06,88.66,89.42,0.0
2021-09-24,89.27,90.06,88.94,89.94,0.0
2021-09-27,89.78,91.31,89.15,91.04,0.0
2021-09-28,90.64,92.27,90.05,90.49,0.0
2021-09-29,91.15,92.08,91.0,91.25,0.0
2021-09-30,91.25,91.58,87.12,87.13,0.0
2021-10-01,87.76,90.27,87.6,89.74,0.0
2021-10-04,89.48,90.43,88.96,89.26,0.0
2021-10-05,89.35,91.97,89.17,91.49,0.0
2021-10-06,90.42,91.5,89.65,91.34,0.0
2021-10-07,91.71,92.88,91.65,92.31,0.0
2021-10-08,92.38,95.02,92.11,94.39,0.32
2021-10-11,94.29,96.8,94.2,95.29,0.0
2021-10-12,95.83,96.52,95.26,95.57,0.0
2021-10-13,96.1,96.99,95.95,96.4,0.0
2021-10-14,96.8,97.35,94.37,95.28,0.0
2021-10-15,95.09,96.04,94.73,95.33,0.0
2021-10-18,95.5,96.65,95.1,96.51,0.0
2021-10-19,97.0,97.28,96.32,97.06,0.0
2021-10-20,97.27,97.97,96.25,96.64,0.0
2021-10-21,96.57,96.83,95.71,96.3,0.0
2021-10-22,96.29,98.27,96.22,98.25,0.0
2021-10-25,98.44,98.95,97.55,97.89,0.0
2021-10-26,98.3,98.56,96.94,96.98,0.0
2021-10-27,96.81,97.3,96.0,96.03,0.0
2021-10-28,96.65,97.7,95.93,96.23,0.0
2021-10-29,95.79,96.97,95.46,95.94,0.0
2021-11-01,96.0,96.03,93.91,94.38,0.0
2021-11-02,93.73,95.92,93.5,95.87,0.0
2021-11-03,96.5,96.87,94.75,96.15,0.0
2021-11-04,96.23,96.61,95.32,95.63,0.0
2021-11-05,96.2,96.55,94.1,94.95,0.0
2021-11-08,95.25,95.25,94.31,95.14,0.0
2021-11-09,95.11,95.61,94.06,94.59,0.0
2021-11-10,94.1,94.85,93.36,93.83,0.0
2021-11-11,94.11,94.76,93.8,94.04,0.0
2021-11-12,94.29,94.47,93.43,93.54,0.0
2021-11-15,93.82,94.25,92.92,94.02,0.0
2021-11-16,94.14,96.37,94.02,95.61,0.0
2021-11-17,95.76,96.14,94.82,95.33,0.0
2021-11-18,95.15,95.33,93.5,94.66,0.0
2021-11-19,94.81,96.96,93.94,93.97,0.0
2021-11-22,93.73,95.67,93.41,94.61,0.0
2021-11-23,94.16,94.29,92.26,92.94,0.0
2021-11-24,92.23,93.7,92.15,93.58,0.0
2021-11-26,92.89,94.08,92.07,92.33,0.0
2021-11-29,93.17,94.13,92.87,92.94,0.0
2021-11-30,93.02,93.52,90.61,90.74,0.0
2021-12-01,91.69,92.39,89.66,89.75,0.0
2021-12-02,89.4,91.04,89.0,89.99,0.0
2021-12-03,90.35,90.79,87.72,88.24,0.0
2021-12-06,88.34,89.17,87.85,88.94,0.0
2021-12-07,89.98,90.73,89.21,90.05,0.0
2021-12-08,90.05,90.17,87.91,88.94,0.0
2021-12-09,89.12,89.99,88.24,88.77,0.0
2021-12-10,104.29,106.34,100.1,102.63,0.0
2021-12-13,102.44,104.36,100.52,100.89,0.0
2021-12-14,100.0,101.46,99.39,99.89,0.0
2021-12-15,100.58,103.76,100.24,103.65,0.0
2021-12-16,103.95,104.0,102.28,103.22,0.0
2021-12-17,97.69,99.95,95.81,96.62,0.0
2021-12-20,96.42,96.42,91.52,91.64,0.0
2021-12-21,91.81,91.84,89.71,91.51,0.0
2021-12-22,91.27,91.86,89.51,89.86,0.0
2021-12-23,90.03,90.36,89.06,89.72,0.0
2021-12-27,89.7,90.33,89.02,89.54,0.0
2021-12-28,89.7,89.8,88.52,88.65,0.0
2021-12-29,88.5,89.19,87.72,88.21,0.0
2021-12-30,88.65,88.91,87.77,88.01,0.0
2021-12-31,88.05,88.1,87.18,87.21,0.0
2022-01-03,87.33,87.94,85.76,87.9,0.0
2022-01-04,87.9,89.58,87.73,88.84,0.0
2022-01-05,88.49,88.6,86.22,86.46,0.0
2022-01-06,86.0,87.42,85.55,86.34,0.32
2022-01-07,86.45,88.0,86.28,87.51,0.0
2022-01-10,87.38,89.38,86.95,89.28,0.0
2022-01-11,88.64,89.0,87.41,88.48,0.0
2022-01-12,88.89,89.52,87.67,88.31,0.0
2022-01-13,88.73,88.92,87.55,87.79,0.0
2022-01-14,87.48,88.1,86.66,87.69,0.0
2022-01-18,86.87,86.97,85.34,85.55,0.0
2022-01-19,85.77,86.69,83.23,83.38,0.0
2022-01-20,83.92,85.0,82.52,82.72,0.0
2022-01-21,83.36,83.39,82.03,82.22,0.0
2022-01-24,81.22,82.42,79.59,82.42,0.0
2022-01-25,81.33,82.1,80.2,81.07,0.0
2022-01-26,81.91,82.03,79.28,79.59,0.0
2022-01-27,80.11,81.15,79.2,79.78,0.0
2022-01-28,79.99,80.5,78.57,80.48,0.0
2022-01-31,80.49,81.64,80.12,81.16,0.0
2022-02-01,81.4,81.4,79.65,81.04,0.0
2022-02-02,81.16,82.88,80.84,82.5,0.0
2022-02-03,81.63,82.76,81.63,81.94,0.0
2022-02-04,82.03,82.91,81.47,82.11,0.0
2022-02-07,82.14,82.25,80.66,80.74,0.0
2022-02-08,80.29,80.86,79.8,80.79,0.0
2022-02-09,81.75,83.65,81.65,83.45,0.0
2022-02-10,82.75,83.78,81.62,81.85,0.0
2022-02-11,81.84,82.43,79.53,79.75,0.0
2022-02-14,79.58,79.73,78.44,78.95,0.0
2022-02-15,79.39,79.93,79.21,79.77,0.0
2022-02-16,79.47,79.78,78.22,79.19,0.0
2022-02-17,78.76,78.98,75.33,75.53,0.0
2022-02-18,75.5,75.73,74.28,74.57,0.0
2022-02-22,73.82,74.91,73.62,74.12,0.0
2022-02-23,74.07,74.38,72.35,72.47,0.0
2022-02-24,70.94,74.94,70.23,74.81,0.0
2022-02-25,74.65,76.83,74.32,76.35,0.0
2022-02-28,75.57,76.7,75.02,75.97,0.0
2022-03-01,75.98,76.5,75.62,76.01,0.0
2022-03-02,76.45,78.86,76.25,78.28,0.0
2022-03-03,78.96,79.04,77.43,78.25,0.0
2022-03-04,77.67,77.91,75.78,76.49,0.0
2022-03-07,76.29,76.39,73.44,74.32,0.0
2022-03-08,73.84,75.23,73.11,73.33,0.0
2022-03-09,74.92,76.95,74.69,76.1,0.0
2022-03-10,75.1,76.85,75.03,76.65,0.0
2022-03-11,76.7,79.9,74.0,77.82,0.0
2022-03-14,77.92,78.6,75.44,77.07,0.0
2022-03-15,78.05,81.54,77.07,80.6,0.0
2022-03-16,81.0,81.23,77.75,79.96,0.0
2022-03-17,79.78,81.29,79.26,80.6,0.0
2022-03-18,79.63,81.99,78.84,81.68,0.0
2022-03-21,81.28,81.98,80.27,80.96,0.0
2022-03-22,81.46,82.23,80.83,81.8,0.0
2022-03-23,81.25,81.41,80.22,80.39,0.0
2022-03-24,80.65,82.82,80.49,82.24,0.0
2022-03-25,82.04,82.84,81.23,81.73,0.0
2022-03-28,81.74,83.71,81.74,83.6,0.0
2022-03-29,84.49,84.51,83.11,84.29,0.0
2022-03-30,83.96,84.36,83.12,83.36,0.0
2022-03-31,83.11,83.91,82.59,82.73,0.0
2022-04-01,83.04,83.36,81.47,82.01,0.0
2022-04-04,82.25,84.3,82.0,84.07,0.0
2022-04-05,83.4,84.52,82.67,82.94,0.0
2022-04-06,81.92,82.47,81.37,82.12,0.0
2022-04-07,81.25,82.01,80.78,81.54,0.32
2022-04-08,81.71,81.83,80.26,80.94,0.0
2022-04-11,80.63,81.13,79.7,79.76,0.0
2022-04-12,79.95,80.99,79.02,79.33,0.0
2022-04-13,79.26,79.96,78.63,79.75,0.0
2022-04-14,79.83,80.36,79.32,79.45,0.0
2022-04-18,79.15,79.98,77.91,78.22,0.0
2022-04-19,78.25,79.78,78.24,79.56,0.0
2022-04-20,79.79,81.86,79.79,80.29,0.0
2022-04-21,81.49,81.6,79.33,79.48,0.0
2022-04-22,79.27,79.7,76.16,76.21,0.0
2022-04-25,76.2,77.06,74.7,76.98,0.0
2022-04-26,76.35,76.65,74.48,74.51,0.0
2022-04-27,74.58,76.02,74.42,74.76,0.0
2022-04-28,75.52,76.63,74.6,76.14,0.0
2022-04-29,75.34,75.87,73.15,73.4,0.0
2022-05-02,73.93,74.6,72.53,74.0,0.0
2022-05-03,73.85,74.21,72.81,73.29,0.0
2022-05-04,73.38,75.35,72.79,75.21,0.0
2022-05-05,74.0,74.72,71.99,72.8,0.0
2022-05-06,72.13,72.94,71.63,72.49,0.0
2022-05-09,71.64,72.59,71.17,71.54,0.0
2022-05-10,72.5,73.62,71.27,72.53,0.0
2022-05-11,72.31,73.46,70.87,71.03,0.0
2022-05-12,70.88,70.93,68.97,70.73,0.0
2022-05-13,70.96,71.98,70.53,71.17,0.0
2022-05-16,70.69,70.91,69.39,69.71,0.0
2022-05-17,71.05,71.9,70.7,71.88,0.0
2022-05-18,70.8,70.94,67.81,68.3,0.0
2022-05-19,67.48,67.9,66.72,67.04,0.0
2022-05-20,67.88,68.69,66.85,68.63,0.0
2022-05-23,69.31,70.47,68.67,70.04,0.0
2022-05-24,69.67,70.53,68.31,69.03,0.0
2022-05-25,68.88,70.22,68.77,69.83,0.0
2022-05-26,70.13,72.12,69.91,71.66,0.0
2022-05-27,72.36,72.85,71.55,72.78,0.0
2022-05-31,72.23,72.98,71.52,71.92,0.0
2022-06-01,73.02,73.27,71.15,71.6,0.0
2022-06-02,71.48,73.19,71.01,73.14,0.0
2022-06-03,72.56,72.96,71.23,71.79,0.0
2022-06-06,72.63,74.84,72.63,72.97,0.0
2022-06-07,71.59,73.13,71.59,72.69,0.0
2022-06-08,72.01,72.15,70.94,71.38,0.0
2022-06-09,70.77,71.16,69.2,69.22,0.0
2022-06-10,67.98,68.22,66.96,67.14,0.0
2022-06-13,65.78,66.1,63.76,64.05,0.0
2022-06-14,72.0,72.43,69.02,70.72,0.0
2022-06-15,70.45,71.42,68.67,69.7,0.0
2022-06-16,68.5,68.96,67.58,68.71,0.0
2022-06-17,68.75,69.37,67.39,67.72,0.0
2022-06-21,68.61,69.53,67.39,67.68,0.0
2022-06-22,66.93,67.57,66.38,66.53,0.0
2022-06-23,66.45,67.87,66.31,67.63,0.0
2022-06-24,68.33,70.78,67.97,70.7,0.0
2022-06-27,69.37,70.85,68.94,70.41,0.0
2022-06-28,70.57,71.07,68.53,68.58,0.0
2022-06-29,69.03,70.09,68.78,69.21,0.0
2022-06-30,68.21,70.25,68.21,69.87,0.0
2022-07-01,69.85,70.98,69.81,70.87,0.0
2022-07-05,70.38,72.0,70.18,71.99,0.0
2022-07-06,72.32,72.74,71.31,71.66,0.0
2022-07-07,71.83,71.98,71.18,71.83,0.0
2022-07-08,71.69,72.24,71.33,71.87,0.0
2022-07-11,71.0,71.97,70.9,71.57,0.32
2022-07-12,71.6,71.94,70.07,70.41,0.0
2022-07-13,69.05,70.53,68.68,70.03,0.0
2022-07-14,69.16,69.58,68.23,69.45,0.0
2022-07-15,70.26,70.87,70.0,70.74,0.0
2022-07-18,71.25,71.71,70.15,70.21,0.0
2022-07-19,70.64,72.3,70.26,72.24,0.0
2022-07-20,72.55,73.1,72.16,72.59,0.0
2022-07-21,72.15,74.63,72.13,74.54,0.0
2022-07-22,74.82,75.29,74.26,74.9,0.0
2022-07-25,75.1,75.43,74.34,74.86,0.0
2022-07-26,74.8,75.3,73.71,74.03,0.0
2022-07-27,74.38,76.12,74.32,75.87,0.0
2022-07-28,75.64,77.28,75.31,77.04,0.0
2022-07-29,77.01,78.16,77.0,77.84,0.0
2022-08-01,77.18,77.81,76.7,77.44,0.0
2022-08-02,76.99,77.26,76.06,76.35,0.0
2022-08-03,76.72,77.76,76.3,77.37,0.0
2022-08-04,77.45,77.85,77.11,77.4,0.0
2022-08-05,76.27,77.4,76.0,77.35,0.0
2022-08-08,76.92,77.43,76.27,76.47,0.0
2022-08-09,76.21,76.91,75.84,76.77,0.0
2022-08-10,77.59,77.98,77.2,77.54,0.0
2022-08-11,77.95,78.0,77.08,77.16,0.0
2022-08-12,78.0,79.42,77.66,79.15,0.0
2022-08-15,78.84,79.42,78.5,79.11,0.0
2022-08-16,78.9,79.66,78.85,79.52,0.0
2022-08-17,79.0,79.77,78.95,79.25,0.0
2022-08-18,79.28,79.88,79.01,79.32,0.0
2022-08-19,79.03,79.13,78.44,78.66,0.0
2022-08-22,77.93,77.93,76.17,76.46,0.0
2022-08-23,76.25,77.01,76.25,76.41,0.0
2022-08-24,76.47,76.56,76.05,76.17,0.0
2022-08-25,76.34,76.91,75.98,76.89,0.0
2022-08-26,76.98,77.26,74.57,74.65,0.0
2022-08-29,74.11,74.86,74.07,74.19,0.0
2022-08-30,74.42,74.67,73.46,74.14,0.0
2022-08-31,74.46,75.15,74.04,74.15,0.0
2022-09-01,74.12,75.37,73.53,75.3,0.0
2022-09-02,75.74,76.77,74.48,74.68,0.0
2022-09-06,74.7,75.19,73.55,73.83,0.0
2022-09-07,73.68,74.67,73.42,74.49,0.0
2022-09-08,74.03,74.8,73.61,74.65,0.0
2022-09-09,74.65,76.01,74.44,75.91,0.0
2022-09-12,76.63,77.38,76.27,77.08,0.0
2022-09-13,76.06,79.41,75.78,76.04,0.0
2022-09-14,75.79,75.87,71.77,72.12,0.0
2022-09-15,71.5,72.09,69.75,70.24,0.0
2022-09-16,69.58,69.8,68.25,68.83,0.0
2022-09-19,68.2,69.13,67.91,69.07,0.0
2022-09-20,68.27,68.46,67.45,68.11,0.0
2022-09-21,68.71,68.88,66.74,66.75,0.0
2022-09-22,66.85,66.94,65.84,66.03,0.0
2022-09-23,65.35,65.44,63.87,64.55,0.0
2022-09-26,64.33,64.92,63.39,63.45,0.0
2022-09-27,64.16,64.4,62.04,62.42,0.0
2022-09-28,62.62,63.35,62.25,63.07,0.0
2022-09-29,62.29,62.6,60.78,61.4,0.0
2022-09-30,61.26,62.14,61.06,61.07,0.0
2022-10-03,60.99,63.24,60.81,63.08,0.0
2022-10-04,63.8,65.83,63.8,65.69,0.0
2022-10-05,65.34,67.19,64.98,66.64,0.0
2022-10-06,66.33,66.81,65.22,65.3,0.0
2022-10-07,64.49,64.62,62.74,63.29,0.0
2022-10-10,63.61,63.9,62.02,62.57,0.0
2022-10-11,61.85,63.1,61.65,62.41,0.32
2022-10-12,62.62,64.28,62.17,63.78,0.0
2022-10-13,62.48,65.71,62.27,65.2,0.0
2022-10-14,65.72,66.61,64.21,64.31,0.0
2022-10-17,65.88,67.57,65.87,67.02,0.0
2022-10-18,68.0,68.58,66.33,67.03,0.0
2022-10-19,66.49,67.19,65.78,66.3,0.0
2022-10-20,67.53,69.92,67.19,69.25,0.0
2022-10-21,71.03,72.79,70.31,72.7,0.0
2022-10-24,72.93,73.69,71.78,72.92,0.0
2022-10-25,73.45,74.11,72.61,73.14,0.0
2022-10-26,72.61,75.72,72.55,74.82,0.0
2022-10-27,74.75,75.88,74.55,75.15,0.0
2022-10-28,75.3,77.68,75.3,77.36,0.0
2022-10-31,76.5,78.33,76.4,78.07,0.0
2022-11-01,78.6,79.23,76.34,77.11,0.0
2022-11-02,76.65,77.43,75.01,75.12,0.0
2022-11-03,74.72,75.69,74.05,75.03,0.0
2022-11-04,75.94,76.67,74.24,76.0,0.0
2022-11-07,76.11,77.09,75.49,76.74,0.0
2022-11-08,76.95,77.14,75.02,75.64,0.0
2022-11-09,75.38,76.54,75.0,75.66,0.0
2022-11-10,77.7,78.47,76.71,77.17,0.0
2022-11-11,77.13,77.89,76.57,77.74,0.0
2022-11-14,77.48,79.54,77.33,78.53,0.0
2022-11-15,78.93,80.68,78.01,79.18,0.0
2022-11-16,79.12,80.23,78.86,79.89,0.0
2022-11-17,79.17,79.58,78.19,79.2,0.0
2022-11-18,80.0,80.46,78.85,79.73,0.0
2022-11-21,79.57,80.1,78.9,79.82,0.0
2022-11-22,79.89,82.21,79.83,82.12,0.0
2022-11-23,82.12,82.92,81.78,82.56,0.0
2022-11-25,82.85,83.49,82.54,82.72,0.0
2022-11-28,82.11,82.14,81.07,81.39,0.0
2022-11-29,81.33,81.5,80.52,80.85,0.0
2022-11-30,80.47,83.18,80.0,83.03,0.0
2022-12-01,83.05,84.53,82.35,84.11,0.0
2022-12-02,83.2,83.62,82.58,83.35,0.0
2022-12-05,82.41,82.42,79.41,79.43,0.0
2022-12-06,79.35,79.82,78.06,78.91,0.0
2022-12-07,78.67,79.44,78.58,78.78,0.0
2022-12-08,79.13,80.21,78.53,80.07,0.0
2022-12-09,79.65,80.36,79.54,79.86,0.0
2022-12-12,80.31,81.41,79.94,81.28,0.0
2022-12-13,84.94,85.58,79.7,80.56,0.0
2022-12-14,80.81,82.89,80.57,81.82,0.0
2022-12-15,80.79,81.03,79.46,80.07,0.0
2022-12-16,79.96,80.46,79.48,79.58,0.0
2022-12-19,79.92,81.1,79.68,80.5,0.0
2022-12-20,80.5,81.49,80.35,80.94,0.0
2022-12-21,81.35,82.14,80.94,81.5,0.0
2022-12-22,80.94,81.17,79.43,80.49,0.0
2022-12-23,80.51,80.9,79.99,80.85,0.0
2022-12-27,80.88,81.47,80.61,80.98,0.0
2022-12-28,81.09,81.64,80.19,80.33,0.0
2022-12-29,80.97,81.8,80.7,81.4,0.0
2022-12-30,81.13,81.93,80.76,81.74,0.0
2023-01-03,82.47,83.84,82.26,83.72,0.0
2023-01-04,84.2,85.17,83.64,84.48,0.0
2023-01-05,85.0,85.4,83.22,84.31,0.0
2023-01-06,84.74,86.34,83.82,85.66,0.0
2023-01-09,86.84,87.59,86.16,86.42,0.32
2023-01-10,85.64,86.61,85.57,86.5,0.0
2023-01-11,87.37,88.66,87.09,88.6,0.0
2023-01-12,88.7,89.2,88.17,88.78,0.0
2023-01-13,87.95,89.47,87.66,89.2,0.0
2023-01-17,89.19,89.44,88.43,88.6,0.0
2023-01-18,88.6,88.63,86.6,86.71,0.0
2023-01-19,86.4,86.99,85.26,85.94,0.0
2023-01-20,86.03,87.38,85.5,87.25,0.0
2023-01-23,87.19,89.13,86.97,88.97,0.0
2023-01-24,89.05,90.1,88.0,89.7,0.0
2023-01-25,88.7,89.86,87.74,89.64,0.0
2023-01-26,89.89,90.49,89.09,89.83,0.0
2023-01-27,89.5,89.72,88.96,88.99,0.0
2023-01-30,88.47,88.62,86.99,87.35,0.0
2023-01-31,87.69,88.48,87.35,88.46,0.0
2023-02-01,88.37,90.65,88.21,90.05,0.0
2023-02-02,90.66,91.22,88.95,89.38,0.0
2023-02-03,88.47,90.26,88.27,89.62,0.0
2023-02-06,89.51,89.61,88.4,88.53,0.0
2023-02-07,87.87,88.02,86.3,87.74,0.0
2023-02-08,86.93,87.92,86.51,86.69,0.0
2023-02-09,87.14,87.9,86.33,86.65,0.0
2023-02-10,86.53,87.38,86.34,87.14,0.0
2023-02-13,87.28,89.45,87.2,89.42,0.0
2023-02-14,89.0,89.41,87.71,89.09,0.0
2023-02-15,88.85,89.21,88.03,88.34,0.0
2023-02-16,87.46,88.27,87.01,87.72,0.0
2023-02-17,87.2,87.43,86.51,87.28,0.0
2023-02-21,86.76,86.94,86.15,86.2,0.0
2023-02-22,86.68,87.18,85.98,86.32,0.0
2023-02-23,87.15,89.48,87.06,88.58,0.0
2023-02-24,87.31,88.89,87.14,88.66,0.0
2023-02-27,88.86,88.97,87.36,87.96,0.0
2023-02-28,87.7,88.01,87.18,87.4,0.0
2023-03-01,86.9,87.21,85.99,86.34,0.0
2023-03-02,86.06,87.28,85.87,86.97,0.0
2023-03-03,87.32,89.29,87.08,89.25,0.0
2023-03-06,89.41,90.67,89.15,89.74,0.0
2023-03-07,89.58,90.08,88.05,88.36,0.0
2023-03-08,88.4,89.09,88.15,88.49,0.0
2023-03-09,88.33,89.64,86.53,86.87,0.0
2023-03-10,84.41,85.25,82.88,84.07,0.0
2023-03-13,83.32,85.53,82.04,84.93,0.0
2023-03-14,85.93,85.93,83.43,84.56,0.0
2023-03-15,83.08,83.37,82.12,82.98,0.0
2023-03-16,82.92,85.11,82.08,84.82,0.0
2023-03-17,85.0,85.98,84.61,85.26,0.0
2023-03-20,85.28,87.51,85.25,86.96,0.0
2023-03-21,87.49,87.85,86.66,87.58,0.0
2023-03-22,87.54,89.16,87.44,87.9,0.0
2023-03-23,88.65,89.64,87.64,87.78,0.0
2023-03-24,87.98,88.48,87.51,88.01,0.0
2023-03-27,88.62,90.5,88.55,90.14,0.0
2023-03-28,90.22,90.88,89.48,89.85,0.0
2023-03-29,90.13,90.66,89.81,90.62,0.0
2023-03-30,90.85,91.18,89.71,90.51,0.0
2023-03-31,90.56,93.0,90.41,92.92,0.0
2023-04-03,92.38,94.0,92.09,93.92,0.0
2023-04-04,93.85,94.02,92.93,94.0,0.0
2023-04-05,93.62,95.11,93.48,94.89,0.0
2023-04-06,94.33,96.08,93.99,95.92,0.0
2023-04-10,94.68,95.11,93.55,93.76,0.4
2023-04-11,93.46,94.13,93.2,93.97,0.0
2023-04-12,94.38,95.32,93.6,93.9,0.0
2023-04-13,94.18,95.75,93.94,95.55,0.0
2023-04-14,95.5,95.99,94.68,95.71,0.0
2023-04-17,95.64,95.99,95.31,95.59,0.0
2023-04-18,96.0,96.74,95.77,96.47,0.0
2023-04-19,95.59,96.47,95.59,95.81,0.0
2023-04-20,96.0,96.15,94.6,94.83,0.0
2023-04-21,95.01,95.31,94.26,95.15,0.0
2023-04-24,95.34,96.08,94.97,95.44,0.0
2023-04-25,95.14,95.7,94.02,94.06,0.0
2023-04-26,93.75,94.81,93.34,93.71,0.0
2023-04-27,94.31,95.09,93.29,95.04,0.0
2023-04-28,94.27,95.4,94.24,94.72,0.0
2023-05-01,94.8,95.73,94.7,94.87,0.0
2023-05-02,94.93,95.24,93.85,94.8,0.0
2023-05-03,95.07,95.42,94.54,94.78,0.0
2023-05-04,94.98,95.12,94.41,94.97,0.0
2023-05-05,95.0,97.31,94.83,96.97,0.0
2023-05-08,97.08,97.28,96.44,96.79,0.0
2023-05-09,96.2,96.89,96.1,96.14,0.0
2023-05-10,96.79,97.68,96.26,97.52,0.0
2023-05-11,97.54,97.63,96.34,97.44,0.0
2023-05-12,97.61,97.92,96.93,97.85,0.0
2023-05-15,97.87,97.96,97.05,97.26,0.0
2023-05-16,97.17,98.85,96.92,98.25,0.0
2023-05-17,98.78,100.4,98.43,99.77,0.0
2023-05-18,99.77,102.46,99.73,102.34,0.0
2023-05-19,102.39,103.07,101.92,102.84,0.0
2023-05-22,102.48,103.1,101.73,101.77,0.0
2023-05-23,101.07,101.43,98.47,98.54,0.0
2023-05-24,97.95,98.88,97.29,98.32,0.0
2023-05-25,99.2,104.66,98.77,104.29,0.0
2023-05-26,104.35,106.23,104.03,104.08,0.0
2023-05-30,104.9,105.98,104.19,105.15,0.0
2023-05-31,104.47,106.49,104.15,105.94,0.0
2023-06-01,104.88,106.61,104.78,105.99,0.0
2023-06-02,106.52,106.77,105.75,105.89,0.0
2023-06-05,105.89,107.6,105.53,106.93,0.0
2023-06-06,106.81,107.49,106.15,107.1,0.0
2023-06-07,107.14,108.37,104.84,105.25,0.0
2023-06-08,105.67,107.79,105.35,107.48,0.0
2023-06-09,107.7,110.15,107.41,109.85,0.0
2023-06-12,114.34,117.51,114.34,116.43,0.0
2023-06-13,123.32,123.99,116.02,116.68,0.0
2023-06-14,116.5,122.51,115.74,122.27,0.0
2023-06-15,121.95,127.54,121.66,126.55,0.0
2023-06-16,127.14,127.4,125.15,125.46,0.0
2023-06-20,124.45,125.25,121.96,122.04,0.0
2023-06-21,121.95,123.36,120.36,122.1,0.0
2023-06-22,121.61,122.59,120.07,120.58,0.0
2023-06-23,119.59,119.9,118.14,118.64,0.0
2023-06-26,117.99,119.43,116.7,116.78,0.0
2023-06-27,116.57,118.46,116.26,117.84,0.0
2023-06-28,116.78,118.62,116.39,116.53,0.0
2023-06-29,115.65,117.8,114.63,117.78,0.0
2023-06-30,119.84,121.73,119.03,119.09,0.0
2023-07-03,118.01,118.25,116.83,117.15,0.0
2023-07-05,116.52,117.01,115.41,115.96,0.0
2023-07-06,114.67,115.81,114.64,115.45,0.0
2023-07-07,114.84,115.98,114.49,114.61,0.0
2023-07-10,114.28,115.03,113.66,114.38,0.0
2023-07-11,114.2,115.0,113.43,114.88,0.4
2023-07-12,115.67,118.09,115.64,116.02,0.0
2023-07-13,117.09,118.58,116.76,117.45,0.0
2023-07-14,118.18,119.97,117.68,119.27,0.0
2023-07-17,118.85,119.97,118.25,118.89,0.0
2023-07-18,118.78,121.29,117.81,120.77,0.0
2023-07-19,120.82,121.36,118.42,118.69,0.0
2023-07-20,117.49,119.05,115.23,115.88,0.0
2023-07-21,116.49,119.27,116.21,117.65,0.0
2023-07-24,117.94,118.54,116.73,118.07,0.0
2023-07-25,117.98,118.51,116.81,117.95,0.0
2023-07-26,117.42,117.62,115.0,115.5,0.0
2023-07-27,117.55,117.6,115.64,116.4,0.0
2023-07-28,116.68,117.3,115.65,115.99,0.0
2023-07-31,116.43,117.24,115.83,117.23,0.0
2023-08-01,116.92,118.04,116.48,117.91,0.0
2023-08-02,116.92,116.98,114.32,115.71,0.0
2023-08-03,115.24,116.17,114.26,114.55,0.0
2023-08-04,115.34,116.4,114.26,114.44,0.0
2023-08-07,115.47,116.38,115.07,116.1,0.0
2023-08-08,115.04,115.61,114.22,115.23,0.0
2023-08-09,115.34,115.71,112.33,113.1,0.0
2023-08-10,113.78,115.09,112.48,112.99,0.0
2023-08-11,112.39,113.48,111.13,113.06,0.0
2023-08-14,113.18,115.81,113.15,115.57,0.0
2023-08-15,115.45,118.06,114.84,117.29,0.0
2023-08-16,117.16,117.81,115.27,115.34,0.0
2023-08-17,115.74,116.78,114.36,114.88,0.0
2023-08-18,114.5,116.99,113.95,116.46,0.0
2023-08-21,116.9,117.35,115.19,116.59,0.0
2023-08-22,117.51,117.68,115.73,116.54,0.0
2023-08-23,117.1,120.45,112.11,117.84,0.0
2023-08-24,119.68,119.73,112.41,112.91,0.0
2023-08-25,112.91,116.15,112.74,116.06,0.0
2023-08-28,116.37,117.71,115.7,116.84,0.0
2023-08-29,120.95,121.21,118.53,120.65,0.0
2023-08-30,120.72,121.74,120.15,121.12,0.0
2023-08-31,121.0,121.98,120.12,120.39,0.0
2023-09-01,121.01,121.69,120.09,120.93,0.0
2023-09-05,122.44,124.28,121.18,123.98,0.0
2023-09-06,123.06,124.58,122.73,124.33,0.0
2023-09-07,123.83,125.96,122.59,125.09,0.0
2023-09-08,124.8,126.69,124.35,126.32,0.0
2023-09-11,127.02,127.42,124.72,126.71,0.0
2023-09-12,112.08,113.3,107.3,109.61,0.0
2023-09-13,108.32,112.94,108.2,111.84,0.0
2023-09-14,113.5,115.14,111.95,113.66,0.0
2023-09-15,114.19,115.2,112.5,113.91,0.0
2023-09-18,113.42,114.47,111.58,112.21,0.0
2023-09-19,112.48,113.74,111.71,112.77,0.0
2023-09-20,112.81,114.7,112.46,112.87,0.0
2023-09-21,111.51,112.5,109.33,109.43,0.0
2023-09-22,109.99,110.6,108.51,109.03,0.0
2023-09-25,108.45,108.65,107.5,108.3,0.0
2023-09-26,107.14,107.4,104.31,104.88,0.0
2023-09-27,105.0,105.28,103.35,104.62,0.0
2023-09-28,104.03,106.6,103.27,106.15,0.0
2023-09-29,107.11,107.37,105.38,105.92,0.0
2023-10-02,105.81,106.73,105.29,106.71,0.0
2023-10-03,106.42,106.5,103.54,104.52,0.0
2023-10-04,104.96,107.3,104.5,107.08,0.0
2023-10-05,106.97,108.44,106.19,108.35,0.0
2023-10-06,107.93,110.53,107.58,109.96,0.0
2023-10-09,110.75,110.97,109.47,110.32,0.0
2023-10-10,110.21,111.06,109.62,109.71,0.0
2023-10-11,109.51,110.06,108.83,109.64,0.4
2023-10-12,109.95,110.92,108.88,109.11,0.0
2023-10-13,109.19,109.51,107.79,108.25,0.0
2023-10-16,108.95,109.59,108.31,108.71,0.0
2023-10-17,107.58,109.79,106.9,109.04,0.0
2023-10-18,108.4,109.73,107.86,108.25,0.0
2023-10-19,108.63,110.22,108.19,108.34,0.0
2023-10-20,106.99,107.04,100.66,101.85,0.0
2023-10-23,102.04,104.69,102.01,103.66,0.0
2023-10-24,103.95,104.46,102.5,103.2,0.0
2023-10-25,102.7,103.67,101.01,101.43,0.0
2023-10-26,101.69,102.39,99.87,100.4,0.0
2023-10-27,101.0,102.09,100.59,100.99,0.0
2023-10-30,101.14,102.41,100.82,101.65,0.0
2023-10-31,102.01,103.52,101.1,103.4,0.0
2023-11-01,103.8,106.2,103.8,105.75,0.0
2023-11-02,106.45,107.22,105.57,106.87,0.0
2023-11-03,107.17,109.07,106.62,108.05,0.0
2023-11-06,108.06,109.21,107.44,109.11,0.0
2023-11-07,109.99,110.38,108.58,108.99,0.0
2023-11-08,109.23,112.56,109.19,112.33,0.0
2023-11-09,112.4,113.31,111.61,112.18,0.0
2023-11-10,112.09,113.18,111.14,113.07,0.0
2023-11-13,113.07,114.49,112.78,114.15,0.0
2023-11-14,114.86,116.46,114.45,116.1,0.0
2023-11-15,116.15,116.31,113.93,114.06,0.0
2023-11-16,113.76,115.87,113.47,114.67,0.0
2023-11-17,114.61,115.64,114.16,115.36,0.0
2023-11-20,115.65,117.15,115.51,116.92,0.0
2023-11-21,117.21,117.67,115.68,116.08,0.0
2023-11-22,116.7,117.29,115.51,116.24,0.0
2023-11-24,116.49,116.59,115.34,116.25,0.0
2023-11-27,116.01,116.77,115.45,116.47,0.0
2023-11-28,116.0,116.8,115.87,116.24,0.0
2023-11-29,117.34,117.58,115.96,116.21,0.0
2023-11-30,116.86,117.23,115.18,116.21,0.0
2023-12-01,116.07,117.35,115.26,117.16,0.0
2023-12-04,116.27,116.68,114.55,115.78,0.0
2023-12-05,114.57,115.27,113.81,114.53,0.0
2023-12-06,114.94,114.99,111.93,112.03,0.0
2023-12-07,112.41,113.03,111.81,112.87,0.0
2023-12-08,112.01,113.64,111.59,113.61,0.0
2023-12-11,113.77,115.35,113.61,115.13,0.0
2023-12-12,102.7,104.95,100.69,100.81,0.0
2023-12-13,101.08,103.1,99.26,102.99,0.0
2023-12-14,101.87,102.25,99.87,100.31,0.0
2023-12-15,99.69,103.99,99.36,103.32,0.0
2023-12-18,103.41,106.16,102.91,105.0,0.0
2023-12-19,104.98,106.34,104.8,106.25,0.0
2023-12-20,105.95,106.09,104.05,104.15,0.0
2023-12-21,104.7,105.93,104.52,105.86,0.0
2023-12-22,105.7,106.49,105.46,106.2,0.0
2023-12-26,106.52,106.65,105.34,106.19,0.0
2023-12-27,106.32,106.33,105.56,105.94,0.0
2023-12-28,106.01,106.61,105.58,106.25,0.0
2023-12-29,106.6,106.92,104.78,105.43,0.0
2024-01-02,104.52,104.68,102.44,104.06,0.0
2024-01-03,103.3,103.38,101.74,102.46,0.0
2024-01-04,102.77,103.36,102.4,102.59,0.0
2024-01-05,102.53,103.72,102.29,102.73,0.0
2024-01-08,102.94,104.77,102.13,104.66,0.0
2024-01-09,103.85,104.48,103.29,103.63,0.0
2024-01-10,103.09,104.07,102.72,103.92,0.4
2024-01-11,104.35,104.84,103.54,104.77,0.0
2024-01-12,105.1,106.7,104.97,106.6,0.0
2024-01-16,106.41,106.66,105.42,106.57,0.0
2024-01-17,106.46,107.5,105.68,106.43,0.0
2024-01-18,106.99,108.88,106.62,108.7,0.0
2024-01-19,109.32,110.22,109.02,109.67,0.0
2024-01-22,110.06,110.69,109.27,110.1,0.0
2024-01-23,110.29,112.68,109.56,111.83,0.0
2024-01-24,113.42,115.42,113.33,114.31,0.0
2024-01-25,114.89,116.18,114.35,115.0,0.0
2024-01-26,114.64,115.48,114.27,114.64,0.0
2024-01-29,114.19,114.59,113.01,113.75,0.0
2024-01-30,113.36,114.4,112.63,114.16,0.0
2024-01-31,113.81,114.27,111.67,111.7,0.0
2024-02-01,112.91,115.78,112.55,115.53,0.0
2024-02-02,115.82,116.49,115.16,115.79,0.0
2024-02-05,115.53,116.72,114.77,116.39,0.0
2024-02-06,116.74,116.95,114.98,115.3,0.0
2024-02-07,115.8,117.59,115.3,117.27,0.0
2024-02-08,117.09,117.79,115.97,116.68,0.0
2024-02-09,117.06,117.34,115.73,116.64,0.0
2024-02-12,116.26,117.1,115.38,115.84,0.0
2024-02-13,113.79,114.21,113.0,113.68,0.0
2024-02-14,114.32,114.72,113.53,114.26,0.0
2024-02-15,114.25,114.31,112.57,112.78,0.0
2024-02-16,113.02,113.11,111.25,111.31,0.0
2024-02-20,110.54,110.77,107.68,108.45,0.0
2024-02-21,106.76,108.38,106.51,108.16,0.0
2024-02-22,111.49,111.89,109.66,111.01,0.0
2024-02-23,112.0,113.37,111.71,111.95,0.0
2024-02-26,112.0,112.54,110.93,110.97,0.0
2024-02-27,110.62,111.51,109.79,111.38,0.0
2024-02-28,111.26,112.02,111.1,111.68,0.0
2024-02-29,111.68,112.44,110.64,111.68,0.0
2024-03-01,111.68,113.94,111.52,113.78,0.0
2024-03-04,113.58,114.6,113.39,114.06,0.0
2024-03-05,112.82,113.2,110.37,110.94,0.0
2024-03-06,111.5,113.05,110.67,112.27,0.0
2024-03-07,113.94,114.8,112.29,114.54,0.0
2024-03-08,114.07,114.33,111.54,112.42,0.0
2024-03-11,111.61,114.75,111.18,114.13,0.0
2024-03-12,126.26,129.37,124.6,127.54,0.0
2024-03-13,128.0,128.8,124.83,125.52,0.0
2024-03-14,127.23,127.8,124.94,125.53,0.0
2024-03-15,124.04,126.01,123.56,125.54,0.0
2024-03-18,127.2,128.95,126.88,127.8,0.0
2024-03-19,127.75,129.21,126.49,129.19,0.0
2024-03-20,129.98,130.69,128.27,129.24,0.0
2024-03-21,130.52,132.77,128.95,129.01,0.0
2024-03-22,129.01,129.21,127.55,127.79,0.0
2024-03-25,127.67,127.67,126.05,126.08,0.0
2024-03-26,126.75,126.94,125.84,126.47,0.0
2024-03-27,127.33,127.82,124.47,125.27,0.0
2024-03-28,125.39,126.17,125.2,125.61,0.0
2024-04-01,125.54,126.27,124.56,125.48,0.0
2024-04-02,124.51,124.93,123.43,124.34,0.0
2024-04-03,124.26,126.41,124.06,126.24,0.0
2024-04-04,127.6,127.99,124.03,124.19,0.0
2024-04-05,124.42,126.0,124.14,124.9,0.0
2024-04-08,125.0,125.12,123.76,124.35,0.0
2024-04-09,124.35,124.75,121.24,123.23,0.4
2024-04-10,121.35,123.08,121.32,121.75,0.0
2024-04-11,121.72,123.82,121.36,123.24,0.0
2024-04-12,121.74,121.84,120.42,121.11,0.0
2024-04-15,122.18,122.47,119.44,119.88,0.0
2024-04-16,120.09,121.44,119.75,120.62,0.0
2024-04-17,120.98,121.04,118.61,118.67,0.0
2024-04-18,118.76,118.76,115.7,116.0,0.0
2024-04-19,116.12,116.77,114.46,114.88,0.0
2024-04-22,116.03,116.34,114.34,114.53,0.0
2024-04-23,115.17,115.86,114.75,115.09,0.0
2024-04-24,115.38,115.73,113.88,115.34,0.0
2024-04-25,113.63,114.99,112.78,114.89,0.0
2024-04-26,117.04,119.21,116.15,117.21,0.0
2024-04-29,116.99,117.31,115.29,116.49,0.0
2024-04-30,115.09,115.52,113.69,113.75,0.0
2024-05-01,113.91,116.76,113.65,114.63,0.0
2024-05-02,115.23,115.81,114.26,114.96,0.0
2024-05-03,115.98,116.21,115.07,115.8,0.0
2024-05-06,116.33,118.36,116.18,118.34,0.0
2024-05-07,118.0,119.13,117.29,117.93,0.0
2024-05-08,117.71,117.98,117.11,117.39,0.0
2024-05-09,117.39,117.73,116.5,116.64,0.0
2024-05-10,117.15,117.63,115.91,116.67,0.0
2024-05-13,117.13,117.19,116.2,116.37,0.0
2024-05-14,116.5,122.55,116.13,120.87,0.0
2024-05-15,120.17,122.09,119.67,121.63,0.0
2024-05-16,121.94,122.45,121.21,122.16,0.0
2024-05-17,123.18,123.58,122.08,123.5,0.0
2024-05-20,123.8,124.68,123.24,124.52,0.0
2024-05-21,124.46,125.36,123.92,124.63,0.0
2024-05-22,124.63,125.16,123.3,124.6,0.0
2024-05-23,126.55,126.7,123.16,124.09,0.0
2024-05-24,123.42,123.51,121.42,122.91,0.0
2024-05-28,123.24,124.82,123.01,124.49,0.0
2024-05-29,122.99,123.92,122.77,123.74,0.0
2024-05-30,120.17,121.44,117.03,117.09,0.0
2024-05-31,116.59,117.42,114.55,117.19,0.0
2024-06-03,117.53,119.33,117.34,119.28,0.0
2024-06-04,119.02,120.37,118.72,120.07,0.0
2024-06-05,121.65,122.79,120.51,122.63,0.0
2024-06-06,122.88,124.27,122.25,123.5,0.0
2024-06-07,124.21,126.22,123.27,125.92,0.0
2024-06-10,125.73,126.95,124.05,124.5,0.0
2024-06-11,124.05,124.83,122.29,123.88,0.0
2024-06-12,134.69,140.96,133.96,140.38,0.0
2024-06-13,140.43,142.4,138.77,139.85,0.0
2024-06-14,139.26,139.97,137.38,138.13,0.0
2024-06-17,138.8,141.44,138.25,141.31,0.0
2024-06-18,141.22,145.06,141.22,144.64,0.0
2024-06-20,145.32,145.32,141.95,142.91,0.0
2024-06-21,143.72,143.72,140.44,141.5,0.0
2024-06-24,140.0,141.53,139.12,139.89,0.0
2024-06-25,139.0,139.55,137.56,139.17,0.0
2024-06-26,139.49,140.75,138.08,138.23,0.0
2024-06-27,139.25,141.42,138.81,140.18,0.0
2024-06-28,139.44,142.82,139.27,141.2,0.0
2024-07-01,141.69,144.06,141.07,143.09,0.0
2024-07-02,142.63,144.22,142.55,143.28,0.0
2024-07-03,143.75,144.65,143.5,144.38,0.0
2024-07-05,144.95,145.79,144.02,144.83,0.0
2024-07-08,144.76,145.23,143.43,145.03,0.0
2024-07-09,145.13,145.7,138.0,140.68,0.0
2024-07-10,141.12,142.38,139.74,142.07,0.0
2024-07-11,142.36,143.48,141.68,142.76,0.4
2024-07-12,142.71,145.13,141.26,144.77,0.0
2024-07-15,145.73,146.59,141.92,143.07,0.0
2024-07-16,143.07,143.5,142.05,142.61,0.0
2024-07-17,140.48,141.79,138.68,139.26,0.0
2024-07-18,139.36,140.06,137.2,138.03,0.0
2024-07-19,138.35,140.44,138.08,138.56,0.0
2024-07-22,139.74,140.68,139.12,140.17,0.0
2024-07-23,141.3,143.22,141.21,143.11,0.0
2024-07-24,141.7,142.66,138.4,138.77,0.0
2024-07-25,140.15,141.07,137.7,137.82,0.0
2024-07-26,138.87,139.96,138.38,139.01,0.0
2024-07-29,139.27,139.78,137.82,138.31,0.0
2024-07-30,139.07,139.57,134.96,135.67,0.0
2024-07-31,139.69,141.55,138.66,139.45,0.0
2024-08-01,139.29,140.39,135.77,137.51,0.0
2024-08-02,132.77,134.3,131.8,133.28,0.0
2024-08-05,127.89,129.97,126.66,127.86,0.0
2024-08-06,130.54,131.04,128.08,128.21,0.0
2024-08-07,128.92,130.3,125.75,125.9,0.0
2024-08-08,128.0,129.82,127.65,128.96,0.0
2024-08-09,128.4,132.37,128.34,132.06,0.0
2024-08-12,132.25,132.71,131.21,132.58,0.0
2024-08-13,132.97,134.54,132.81,134.26,0.0
2024-08-14,134.04,135.97,134.01,135.6,0.0
2024-08-15,136.93,137.25,135.72,136.93,0.0
2024-08-16,136.79,137.82,136.39,137.47,0.0
2024-08-19,137.53,137.95,136.46,137.92,0.0
2024-08-20,137.82,139.79,137.82,139.17,0.0
2024-08-21,138.8,140.3,138.55,140.2,0.0
2024-08-22,140.7,141.08,137.65,138.08,0.0
2024-08-23,138.73,139.79,137.26,139.19,0.0
2024-08-26,139.39,139.4,138.19,138.9,0.0
2024-08-27,137.85,139.5,137.74,138.48,0.0
2024-08-28,138.83,138.95,136.91,137.88,0.0
2024-08-29,139.14,141.16,138.85,139.42,0.0
2024-08-30,140.33,141.72,140.1,141.29,0.0
2024-09-03,140.45,142.2,138.83,139.5,0.0
2024-09-04,138.44,141.1,137.95,140.75,0.0
2024-09-05,141.4,143.28,140.31,142.61,0.0
2024-09-06,143.79,143.94,139.4,141.81,0.0
2024-09-09,142.49,143.3,139.51,139.89,0.0
2024-09-10,154.23,160.52,153.12,155.89,0.0
2024-09-11,156.78,159.44,154.84,157.18,0.0
2024-09-12,159.04,162.34,157.9,161.38,0.0
2024-09-13,173.7,173.94,161.0,162.03,0.0
2024-09-16,164.99,173.99,164.51,170.33,0.0
2024-09-17,170.28,170.64,166.77,167.47,0.0
2024-09-18,167.62,167.62,163.73,164.53,0.0
2024-09-19,167.25,168.16,164.51,167.59,0.0
2024-09-20,167.13,168.83,166.6,168.0,0.0
2024-09-23,167.23,167.33,164.26,165.95,0.0
2024-09-24,165.74,166.1,163.92,165.8,0.0
2024-09-25,167.69,168.75,165.66,166.28,0.0
2024-09-26,167.65,168.36,166.48,168.1,0.0
2024-09-27,168.09,169.11,166.51,168.74,0.0
2024-09-30,169.5,170.52,166.45,170.4,0.0
2024-10-01,170.22,170.51,165.97,167.16,0.0
2024-10-02,167.6,169.18,167.27,167.71,0.0
2024-10-03,166.89,167.86,166.24,166.86,0.0
2024-10-04,168.71,170.9,168.17,170.86,0.0
2024-10-07,170.42,172.33,169.55,169.97,0.0
2024-10-08,170.6,174.64,170.44,174.37,0.0
2024-10-09,174.56,178.61,173.81,178.29,0.0
2024-10-10,177.65,178.3,174.18,175.41,0.4
2024-10-11,175.5,177.0,174.4,175.77,0.0
2024-10-14,176.55,177.22,175.5,176.12,0.0
2024-10-15,176.94,178.22,173.75,174.09,0.0
2024-10-16,173.5,174.91,171.64,174.77,0.0
2024-10-17,177.5,177.75,175.14,175.68,0.0
2024-10-18,176.8,176.97,174.58,174.69,0.0
2024-10-21,174.45,175.15,173.16,173.76,0.0
2024-10-22,175.45,175.85,174.28,175.31,0.0
2024-10-23,174.5,176.07,173.01,173.1,0.0
2024-10-24,173.32,174.95,172.91,174.38,0.0
2024-10-25,174.78,176.29,173.1,173.52,0.0
2024-10-28,174.05,174.17,172.14,172.42,0.0
2024-10-29,172.29,174.02,172.29,173.43,0.0
2024-10-30,173.98,176.16,172.79,174.56,0.0
2024-10-31,170.52,170.88,167.4,167.84,0.0
2024-11-01,170.15,172.27,169.1,170.02,0.0
2024-11-04,170.31,170.48,168.73,169.59,0.0
2024-11-05,170.47,171.89,170.32,171.78,0.0
2024-11-06,178.52,182.1,177.42,181.24,0.0
2024-11-07,181.08,186.67,180.54,186.37,0.0
2024-11-08,186.26,190.16,186.26,189.25,0.0
2024-11-11,191.05,191.5,187.84,189.13,0.0
2024-11-12,188.54,190.61,187.2,189.58,0.0
2024-11-13,189.0,191.77,188.79,189.63,0.0
2024-11-14,188.66,189.59,186.71,187.05,0.0
2024-11-15,184.52,185.8,182.33,183.74,0.0
2024-11-18,184.3,186.18,182.88,185.73,0.0
2024-11-19,184.89,189.32,184.32,188.9,0.0
2024-11-20,190.9,190.97,187.82,190.75,0.0
2024-11-21,191.94,196.04,191.64,192.43,0.0
2024-11-22,193.0,194.2,191.06,192.29,0.0
2024-11-25,194.5,194.75,187.99,187.99,0.0
2024-11-26,188.32,192.4,188.32,190.37,0.0
2024-11-27,188.96,188.96,182.22,182.7,0.0
2024-11-29,184.01,185.93,184.0,184.84,0.0
2024-12-02,185.29,185.29,181.0,181.41,0.0
2024-12-03,181.18,183.04,179.11,182.89,0.0
2024-12-04,188.0,189.79,185.9,188.19,0.0
2024-12-05,189.02,189.02,185.85,186.24,0.0
2024-12-06,187.0,192.63,186.38,191.69,0.0
2024-12-09,196.3,198.31,188.93,190.45,0.0
2024-12-10,173.46,177.8,171.06,177.74,0.0
2024-12-11,178.0,181.38,174.83,178.58,0.0
2024-12-12,178.0,178.17,174.81,175.32,0.0
2024-12-13,175.0,176.14,171.64,173.39,0.0
2024-12-16,173.84,174.27,170.93,171.23,0.0
2024-12-17,170.75,172.99,169.27,169.71,0.0
2024-12-18,169.41,171.23,165.36,165.41,0.0
2024-12-19,167.55,171.0,167.4,168.79,0.0
2024-12-20,167.73,171.26,165.63,169.66,0.0
2024-12-23,169.59,169.62,167.17,169.14,0.0
2024-12-24,169.7,171.77,169.03,171.41,0.0
2024-12-26,170.5,172.55,170.5,171.68,0.0
2024-12-27,170.38,171.15,167.2,168.96,0.0
2024-12-30,166.51,167.91,164.55,166.91,0.0
2024-12-31,167.2,167.3,165.84,166.64,0.0
2025-01-02,168.52,168.69,164.9,166.03,0.0
2025-01-03,166.7,167.2,165.27,166.32,0.0
2025-01-06,167.31,168.05,165.19,165.69,0.0
2025-01-07,165.58,166.16,161.32,162.03,0.0
2025-01-08,162.18,163.98,161.43,163.14,0.0
2025-01-10,159.2,159.2,153.92,154.5,0.4
2025-01-13,153.74,154.15,152.42,153.92,0.0
2025-01-14,156.42,157.25,154.35,156.31,0.0
2025-01-15,158.67,159.15,157.26,158.31,0.0
2025-01-16,160.15,161.5,158.41,159.54,0.0
2025-01-17,161.77,163.16,160.54,161.03,0.0
2025-01-21,163.87,173.37,162.75,172.57,0.0
2025-01-22,191.51,191.99,180.57,184.22,0.0
2025-01-23,181.64,186.57,181.5,186.47,0.0
2025-01-24,188.64,189.1,181.87,183.6,0.0
2025-01-27,168.9,172.52,152.66,158.28,0.0
2025-01-28,162.99,165.83,156.75,164.0,0.0
2025-01-29,164.03,164.03,160.01,162.02,0.0
2025-01-30,164.78,171.49,164.1,170.38,0.0
2025-01-31,170.41,173.0,169.13,170.06,0.0
2025-02-03,163.2,169.9,163.2,168.6,0.0
2025-02-04,170.4,170.4,166.35,167.89,0.0
2025-02-05,168.99,171.89,168.52,171.66,0.0
2025-02-06,173.0,175.65,171.57,172.35,0.0
2025-02-07,175.0,177.39,173.18,174.46,0.0
2025-02-10,176.0,179.99,174.92,178.92,0.0
2025-02-11,177.62,179.12,176.45,177.19,0.0
2025-02-12,174.89,174.89,170.71,172.22,0.0
2025-02-13,173.0,174.38,172.1,173.86,0.0
2025-02-14,174.25,175.03,172.81,174.16,0.0
2025-02-18,176.75,182.24,176.09,179.8,0.0
2025-02-19,178.58,181.68,175.7,181.52,0.0
2025-02-20,179.81,180.27,174.43,176.0,0.0
2025-02-21,176.12,176.88,167.55,167.81,0.0
2025-02-24,173.57,174.17,164.66,169.96,0.0
2025-02-25,169.29,170.6,164.44,168.54,0.0
2025-02-26,170.98,173.87,169.13,172.47,0.0
2025-02-27,173.0,174.86,164.58,164.76,0.0
2025-02-28,163.11,166.15,160.81,166.06,0.0
2025-03-03,166.95,167.12,161.13,162.02,0.0
2025-03-04,159.22,159.76,153.52,157.47,0.0
2025-03-05,158.06,162.49,157.05,161.56,0.0
2025-03-06,157.16,157.16,149.73,150.94,0.0
2025-03-07,150.62,156.48,148.5,155.16,0.0
2025-03-10,150.53,152.52,146.8,148.79,0.0
2025-03-11,143.42,145.78,137.7,144.18,0.0
2025-03-12,146.23,152.23,145.01,150.89,0.0
2025-03-13,149.79,150.17,145.48,147.66,0.0
2025-03-14,148.92,150.88,147.88,149.27,0.0
2025-03-17,150.4,155.75,150.4,154.01,0.0
2025-03-18,152.37,152.42,148.63,149.45,0.0
2025-03-19,150.06,154.07,150.0,152.45,0.0
2025-03-20,151.58,154.49,150.82,152.72,0.0
2025-03-21,151.65,153.84,150.11,152.23,0.0
2025-03-24,156.34,156.6,154.03,154.87,0.0
2025-03-25,154.51,155.6,153.05,153.93,0.0
2025-03-26,152.89,153.03,146.56,147.8,0.0
2025-03-27,145.85,147.04,144.92,145.78,0.0
2025-03-28,143.78,145.65,139.11,140.87,0.0
2025-03-31,138.64,140.59,136.76,139.81,0.0
2025-04-01,139.76,143.25,138.76,141.94,0.0
2025-04-02,139.86,147.89,139.86,145.86,0.0
2025-04-03,139.25,141.4,136.64,137.23,0.0
2025-04-04,132.91,133.82,126.95,128.27,0.0
2025-04-07,118.86,134.11,118.86,127.16,0.0
2025-04-08,132.54,132.99,121.7,124.5,0.0
2025-04-09,123.4,140.59,123.4,139.69,0.0
2025-04-10,136.65,136.65,129.26,133.35,0.5
2025-04-11,132.11,133.0,128.84,132.35,0.0
2025-04-14,136.8,136.8,132.87,134.64,0.0
2025-04-15,134.76,136.48,133.72,133.94,0.0
2025-04-16,132.28,132.54,127.85,129.76,0.0
2025-04-17,130.9,131.3,128.44,128.62,0.0
2025-04-21,126.89,127.2,121.24,122.82,0.0
2025-04-22,124.5,127.99,123.39,127.24,0.0
2025-04-23,134.91,135.87,130.99,131.4,0.0
2025-04-24,132.51,137.86,132.0,137.51,0.0
2025-04-25,137.49,139.0,136.76,138.49,0.0
2025-04-28,139.65,140.67,138.08,140.14,0.0
2025-04-29,139.81,141.16,139.55,140.79,0.0
2025-04-30,138.48,141.3,135.57,140.72,0.0
2025-05-01,146.56,148.64,145.34,145.49,0.0
2025-05-02,148.33,153.06,148.33,150.73,0.0
2025-05-05,149.44,150.82,148.52,149.29,0.0
2025-05-06,146.98,148.94,145.72,147.7,0.0
2025-05-07,147.5,149.9,147.24,149.37,0.0
2025-05-08,149.05,151.81,148.61,150.3,0.0
2025-05-09,150.04,151.8,149.79,150.34,0.0
2025-05-12,156.31,157.43,154.42,157.22,0.0
2025-05-13,158.22,163.22,157.57,162.27,0.0
2025-05-14,162.36,163.41,161.06,162.95,0.0
2025-05-15,161.36,161.74,158.91,159.4,0.0
2025-05-16,160.0,160.84,158.52,160.49,0.0
2025-05-19,158.3,161.97,157.83,159.64,0.0
2025-05-20,158.63,160.36,157.53,160.31,0.0
2025-05-21,158.35,160.9,156.46,157.18,0.0
2025-05-22,156.98,159.19,156.82,157.31,0.0
2025-05-23,154.99,157.38,154.26,155.97,0.0
2025-05-27,159.32,162.4,158.92,161.91,0.0
2025-05-28,161.87,164.32,161.28,163.85,0.0
2025-05-29,165.0,165.32,161.49,162.9,0.0
2025-05-30,163.43,165.75,161.55,165.53,0.0
2025-06-02,164.17,167.0,162.6,166.57,0.0
2025-06-03,166.8,169.33,166.59,169.14,0.0
2025-06-04,169.71,170.48,167.57,168.1,0.0
2025-06-05,169.0,172.26,168.76,171.14,0.0
2025-06-06,174.0,174.79,172.66,174.02,0.0
2025-06-09,174.86,178.72,173.79,177.15,0.0
2025-06-10,177.71,177.85,174.28,177.48,0.0
2025-06-11,177.55,179.55,176.2,176.38,0.0
2025-06-12,189.96,202.49,188.88,199.86,0.0
2025-06-13,201.58,216.6,201.2,215.22,0.0
2025-06-16,213.2,215.17,209.98,211.1,0.0
2025-06-17,210.66,215.88,207.48,208.18,0.0
2025-06-18,211.09,214.72,209.57,210.87,0.0
2025-06-20,213.35,213.8,204.64,205.17,0.0
2025-06-23,205.51,207.27,202.54,207.04,0.0
2025-06-24,209.99,216.37,208.55,215.27,0.0
2025-06-25,214.94,216.93,210.23,210.72,0.0
2025-06-26,212.0,214.42,210.36,212.82,0.0
2025-06-27,213.69,214.65,209.96,210.24,0.0
2025-06-30,226.5,228.22,218.38,218.63,0.0
2025-07-01,219.3,223.17,216.31,218.96,0.0
2025-07-02,217.68,231.9,216.72,229.98,0.0
2025-07-03,233.22,237.99,231.2,237.32,0.0
2025-07-07,235.11,235.25,229.5,232.26,0.0
2025-07-08,237.13,241.44,233.19,234.5,0.0
2025-07-09,235.51,236.51,232.0,235.81,0.0
2025-07-10,239.94,240.06,233.5,235.0,0.5
2025-07-11,231.37,234.0,229.87,230.56,0.0
2025-07-14,229.45,230.64,225.12,229.28,0.0
2025-07-15,232.41,235.6,229.2,234.96,0.0
2025-07-16,235.5,241.33,233.19,241.3,0.0
2025-07-17,243.34,251.6,242.01,248.75,0.0
2025-07-18,248.5,249.68,245.0,245.45,0.0
2025-07-21,245.31,246.8,243.24,243.54,0.0
2025-07-22,241.98,242.29,235.41,238.11,0.0
2025-07-23,239.95,243.42,238.66,241.9,0.0
2025-07-24,242.41,244.08,240.56,242.83,0.0
2025-07-25,242.34,245.47,241.43,245.12,0.0
2025-07-28,246.0,247.78,243.42,247.71,0.0
2025-07-29,248.7,253.07,246.59,249.98,0.0
2025-07-30,248.64,251.05,245.6,250.6,0.0
2025-07-31,255.77,260.87,253.32,253.77,0.0
2025-08-01,247.83,248.41,242.0,244.42,0.0
2025-08-04,245.9,252.91,245.9,252.53,0.0
2025-08-05,255.41,258.49,251.37,255.67,0.0
2025-08-06,256.84,256.84,251.72,256.43,0.0
2025-08-07,257.71,257.76,246.52,249.39,0.0
2025-08-08,250.03,250.89,247.86,250.05,0.0
2025-08-11,248.4,254.69,245.56,252.68,0.0
2025-08-12,252.58,257.87,251.08,253.86,0.0
2025-08-13,257.17,257.67,242.64,244.18,0.0
2025-08-14,244.95,248.92,242.57,244.96,0.0
2025-08-15,246.92,250.63,242.93,248.28,0.0
2025-08-18,246.2,249.16,243.62,249.07,0.0
2025-08-19,249.25,249.25,232.23,234.62,0.0
2025-08-20,232.18,235.88,228.25,235.06,0.0
2025-08-21,233.05,235.92,232.43,233.16,0.0
2025-08-22,234.06,238.5,231.46,236.37,0.0
2025-08-25,237.35,239.03,235.27,235.41,0.0
2025-08-26,235.0,236.91,232.71,234.21,0.0
2025-08-27,235.0,236.53,232.68,235.81,0.0
2025-08-28,235.54,241.95,235.12,240.32,0.0
2025-08-29,237.61,238.22,223.11,226.13,0.0
2025-09-02,222.0,225.45,218.79,225.3,0.0
2025-09-03,225.9,225.9,221.75,223.45,0.0
2025-09-04,222.0,223.57,219.56,223.0,0.0
2025-09-05,232.55,234.62,225.89,232.8,0.0
2025-09-08,239.89,242.42,235.31,238.48,0.0
2025-09-09,239.94,243.49,234.56,241.51,0.0
2025-09-10,319.19,345.72,312.09,328.33,0.0
2025-09-11,330.34,331.0,304.6,307.86,0.0
2025-09-12,305.79,307.97,291.75,292.18,0.0
2025-09-15,306.45,307.03,297.29,302.14,0.0
2025-09-16,314.06,319.97,302.27,306.65,0.0
2025-09-17,307.69,308.66,295.03,301.41,0.0
2025-09-18,303.04,303.82,292.0,296.62,0.0
2025-09-19,299.0,311.11,297.32,308.66,0.0
2025-09-22,309.63,329.5,306.92,328.15,0.0
2025-09-23,324.0,325.0,310.05,313.83,0.0
2025-09-24,311.86,312.47,300.03,308.46,0.0
2025-09-25,295.27,298.75,288.55,291.33,0.0
2025-09-26,293.0,294.0,283.0,283.46,0.0
2025-09-29,284.6,285.98,279.61,282.76,0.0
2025-09-30,283.69,284.0,275.9,281.24,0.0
2025-10-01,278.8,289.99,277.88,289.01,0.0
2025-10-02,291.8,294.97,286.05,288.78,0.0
2025-10-03,289.6,294.64,284.0,286.14,0.0
2025-10-06,292.38,296.68,290.8,291.59,0.0
2025-10-07,293.22,293.22,271.0,284.24,0.0
2025-10-08,285.42,291.53,283.6,288.63,0.0
2025-10-09,291.55,300.97,287.26,296.96,0.5
2025-10-10,300.28,307.72,292.01,292.96,0.0
2025-10-13,298.7,310.7,297.74,308.01,0.0
2025-10-14,303.57,304.42,291.98,299.0,0.0
2025-10-15,304.9,311.01,298.92,303.62,0.0
2025-10-16,305.6,322.54,303.07,313.0,0.0
2025-10-17,303.75,304.28,287.5,291.31,0.0
2025-10-20,288.95,289.24,275.31,277.18,0.0
2025-10-21,278.11,280.3,272.26,275.15,0.0
2025-10-22,274.82,277.2,269.25,272.66,0.0
2025-10-23,272.96,283.1,272.39,280.07,0.0
2025-10-24,285.92,287.19,282.25,283.33,0.0
2025-10-27,286.57,287.0,279.81,281.4,0.0
2025-10-28,283.0,285.46,280.54,280.83,0.0
2025-10-29,281.46,281.62,271.35,275.3,0.0
2025-10-30,268.74,269.76,256.28,256.89,0.0
2025-10-31,259.51,265.81,256.71,262.61,0.0
2025-11-03,265.24,265.62,255.23,257.85,0.0
2025-11-04,249.98,255.28,245.19,248.17,0.0
2025-11-05,247.91,252.4,247.03,250.31,0.0
2025-11-06,247.94,249.07,239.29,243.8,0.0
2025-11-07,239.0,240.4,232.35,239.26,0.0
2025-11-10,245.95,247.24,237.07,240.83,0.0
2025-11-11,236.23,237.45,228.89,236.15,0.0
2025-11-12,236.74,236.81,226.17,226.99,0.0
2025-11-13,224.99,225.16,215.22,217.57,0.0
2025-11-14,210.83,227.05,210.77,222.85,0.0
2025-11-17,218.21,222.8,215.56,219.86,0.0
2025-11-18,216.21,223.7,214.5,220.49,0.0
2025-11-19,219.06,228.15,217.31,225.53,0.0
2025-11-20,231.16,234.0,210.3,210.69,0.0
2025-11-21,207.08,208.31,193.55,198.76,0.0
2025-11-24,196.86,203.82,194.3,200.28,0.0
2025-11-25,194.08,199.41,185.63,197.03,0.0
2025-11-26,209.5,210.0,202.24,204.96,0.0
2025-11-28,199.51,202.34,197.61,201.95,0.0
2025-12-01,200.5,203.5,196.7,200.94,0.0
2025-12-02,205.14,209.7,200.0,201.1,0.0
2025-12-03,200.33,207.92,199.4,207.73,0.0
2025-12-04,207.86,215.41,206.32,214.33,0.0
2025-12-05,219.0,219.5,213.62,217.58,0.0
2025-12-08,221.35,224.75,216.91,220.54,0.0
2025-12-09,220.03,222.62,218.28,221.53,0.0
2025-12-10,221.8,225.32,217.58,223.01,0.0
2025-12-11,190.62,201.99,186.23,198.85,0.0
2025-12-12,196.37,197.85,185.98,189.97,0.0
2025-12-15,188.29,188.97,181.4,184.92,0.0
2025-12-16,184.7,189.8,184.49,188.65,0.0
2025-12-17,183.31,186.5,177.07,178.46,0.0
2025-12-18,182.72,184.76,178.58,180.03,0.0
2025-12-19,188.39,195.12,188.12,191.97,0.0
2025-12-22,196.82,198.8,192.83,198.38,0.0
2025-12-23,196.43,197.2,192.19,195.34,0.0
2025-12-24,195.0,198.28,194.42,197.49,0.0
2025-12-26,198.06,200.37,196.11,197.99,0.0
2025-12-29,194.16,198.51,192.64,195.38,0.0
2025-12-30,196.06,198.38,195.71,197.21,0.0
2025-12-31,196.42,197.2,194.73,194.91,0.0
2026-01-02,197.47,198.59,194.21,195.71,0.0
2026-01-05,198.34,201.69,192.33,192.59,0.0
2026-01-06,192.56,194.88,190.7,193.75,0.0
2026-01-07,195.3,195.67,192.0,192.84,0.0
2026-01-08,190.88,190.95,186.15,189.65,0.0
2026-01-09,191.66,200.18,188.78,198.52,0.5
2026-01-12,197.6,206.6,197.01,204.68,0.0
2026-01-13,205.0,207.8,200.66,202.29,0.0
2026-01-14,201.68,201.68,190.81,193.61,0.0
2026-01-15,195.01,195.01,189.39,189.85,0.0
2026-01-16,189.91,191.87,186.53,191.09,0.0
2026-01-20,187.19,187.19,179.36,179.92,0.0
2026-01-21,179.68,180.6,170.6,173.88,0.0
2026-01-22,179.37,180.16,176.5,178.18,0.0
2026-01-23,172.62,179.65,172.0,177.16,0.0
2026-01-26,179.1,185.31,178.53,182.44,0.0
2026-01-27,179.19,179.72,173.68,174.9,0.0
2026-01-28,174.92,181.68,171.86,172.8,0.0
2026-01-29,170.15,170.23,161.52,169.01,0.0
2026-01-30,168.17,168.9,163.24,164.58,0.0
2026-02-02,170.92,171.2,160.0,160.06,0.0
2026-02-03,158.26,159.38,151.9,154.67,0.0
2026-02-04,153.89,153.94,144.43,146.67,0.0
2026-02-05,145.6,146.55,135.25,136.48,0.0
2026-02-06,139.75,143.2,138.91,142.82,0.0
2026-02-09,148.49,159.75,147.0,156.59,0.0
2026-02-10,160.0,165.39,156.96,159.89,0.0
2026-02-11,163.66,163.66,154.0,157.16,0.0
2026-02-12,157.93,159.04,152.5,156.48,0.0
2026-02-13,159.25,162.3,155.29,160.14,0.0
2026-02-17,157.98,159.28,152.88,153.97,0.0
2026-02-18,154.41,157.3,151.37,156.17,0.0
2026-02-19,157.19,160.08,155.77,156.54,0.0
2026-02-20,153.3,153.99,147.39,148.08,0.0
2026-02-23,145.69,145.8,138.59,141.31,0.0
2026-02-24,140.84,146.76,138.73,146.14,0.0
2026-02-25,149.16,153.28,147.34,147.89,0.0
2026-02-26,148.79,152.5,145.15,150.31,0.0
2026-02-27,143.88,146.08,142.1,145.4,0.0
2026-03-02,141.62,150.17,141.18,149.25,0.0
2026-03-03,144.75,150.93,143.05,149.01,0.0
2026-03-04,150.01,153.61,149.1,152.37,0.0
2026-03-05,152.59,157.94,150.12,154.79,0.0
2026-03-06,152.92,159.19,151.62,152.96,0.0
2026-03-09,150.7,152.0,146.43,151.56,0.0
2026-03-10,153.62,154.14,148.45,149.4,0.0
2026-03-11,166.38,171.76,160.58,163.12,0.0
2026-03-12,164.66,167.83,158.61,159.16,0.0
2026-03-13,159.05,160.77,154.15,155.11,0.0
2026-03-16,156.06,158.74,154.51,155.97,0.0
2026-03-17,155.44,158.92,153.5,154.69,0.0
2026-03-18,153.4,154.97,152.04,152.9,0.0
2026-03-19,150.46,156.92,148.89,155.52,0.0
2026-03-20,153.05,153.25,147.95,149.68,0.0
2026-03-23,151.42,155.78,150.71,154.34,0.0
2026-03-24,153.0,153.9,146.85,147.09,0.0
2026-03-25,149.23,149.84,144.6,146.02,0.0
2026-03-26,143.89,146.47,142.54,142.81,0.0
2026-03-27,140.93,141.69,138.3,139.66,0.0
2026-03-30,140.04,141.2,136.95,138.8,0.0
2026-03-31,140.3,147.4,139.85,147.11,0.0
2026-04-01,149.09,149.65,144.67,145.23,0.0
2026-04-02,142.78,146.44,140.3,146.38,0.0
2026-04-06,147.44,148.55,143.85,145.54,0.0
2026-04-07,143.78,144.57,139.94,143.17,0.0
2026-04-08,150.3,151.46,142.9,143.66,0.0
2026-04-09,142.2,142.8,136.0,137.86,0.5
2026-04-10,137.32,140.17,134.57,138.09,0.0
2026-04-13,139.77,155.91,139.72,155.62,0.0
2026-04-14,167.93,169.4,161.56,163.0,0.0
2026-04-15,166.89,172.56,166.21,169.81,0.0
2026-04-16,176.42,180.27,173.8,178.34,0.0
2026-04-17,182.93,184.5,173.36,175.06,0.0
2026-04-20,176.81,177.76,173.51,177.58,0.0
2026-04-21,178.35,185.34,176.01,181.17,0.0
2026-04-22,186.18,189.18,182.8,187.5,0.0
2026-04-23,180.4,181.89,174.08,176.28,0.0
2026-04-24,180.51,180.71,168.8,173.28,0.0
2026-04-27,172.58,173.55,167.9,172.96,0.0
2026-04-28,162.16,168.7,162.05,165.96,0.0
2026-04-29,164.04,164.76,160.65,163.83,0.0
2026-04-30,162.02,165.18,160.33,161.39,0.0
2026-05-01,166.42,174.3,166.15,171.83,0.0
2026-05-04,176.02,183.5,174.26,180.29,0.0
2026-05-05,182.13,186.52,179.0,185.35,0.0
2026-05-06,186.2,194.29,182.67,194.03,0.0
2026-05-07,198.61,200.15,190.8,194.59,0.0
2026-05-08,192.58,198.0,190.21,195.95,0.0
2026-05-11,192.15,195.68,190.6,193.84,0.0
2026-05-12,192.92,192.92,180.87,186.83,0.0
2026-05-13,189.03,191.57,185.06,189.76,0.0
2026-05-14,188.18,200.71,185.45,195.61,0.0
2026-05-15,190.49,196.43,188.9,192.95,0.0
2026-05-18,190.0,190.76,183.27,186.61,0.0
2026-05-19,186.0,188.72,180.93,181.46,0.0
2026-05-20,179.94,188.22,178.8,188.16,0.0
2026-05-21,189.01,192.82,187.2,189.77,0.0
2026-05-22,191.67,197.0,191.1,192.08,0.0
2026-05-26,193.3,195.2,190.56,193.06,0.0
2026-05-27,191.48,192.14,187.92,190.96,0.0
2026-05-28,194.04,205.0,193.38,203.7,0.0
2026-05-29,209.0,226.29,208.01,225.78,0.0
2026-06-01,230.5,250.25,224.6,248.15,0.0
2026-06-02,242.8,249.0,238.84,244.58,0.0
2026-06-03,240.48,240.51,227.61,230.33,0.0
2026-06-04,227.0,238.95,224.0,236.34,0.0
2026-06-05,229.49,231.44,209.45,213.68,0.0
2026-06-08,217.75,219.06,209.33,211.82,0.0
2026-06-09,213.91,220.5,197.79,205.81,0.0
2026-06-10,198.5,212.48,198.18,201.26,0.0
2026-06-11,179.67,184.77,175.28,184.1,0.0
2026-06-12,185.01,185.58,179.0,184.13,0.0
2026-06-15,187.39,195.32,186.21,192.64,0.0
2026-06-16,190.01,195.32,187.66,188.33,0.0
2026-06-17,186.16,190.19,182.58,183.53,0.0
2026-06-18,183.01,187.99,177.7,184.29,0.0
2026-06-22,182.31,184.58,174.4,175.07,0.0
2026-06-23,170.23,174.33,164.61,165.16,0.0
2026-06-24,162.48,165.75,155.35,157.53,0.0
2026-06-25,157.35,157.62,150.36,152.46,0.0
2026-06-26,150.26,153.54,148.0,148.53,0.0
2026-06-29,153.94,154.5,145.2,147.76,0.0
2026-06-30,147.25,149.93,144.48,146.55,0.0
2026-07-01,144.49,147.55,142.5,142.5,0.0
2026-07-02,143.3,147.06,138.83,140.27,0.0
2026-07-06,144.3,145.62,141.16,143.76,0.0
2026-07-07,143.72,145.56,137.55,141.6,0.0
2026-07-08,139.06,141.84,137.55,140.49,0.0
2026-07-09,141.42,149.07,140.94,144.22,0.0
2026-07-10,145.65,145.68,139.26,140.64,0.5
2026-07-13,139.03,139.65,131.35,131.54,0.0
2026-07-14,132.0,132.76,127.6,127.94,0.0
2026-07-15,130.56,133.9,128.84,132.49,0.0
2026-07-16,131.48,131.78,123.66,124.21,0.0
2026-07-17,121.7,128.44,121.5,126.41,0.0
2026-07-20,124.27,125.49,120.03,121.38,0.0
2026-07-21,122.81,127.42,122.21,127.05,0.0
2026-07-22,126.18,128.84,124.7,125.84,0.0
2026-07-23,123.96,124.7,119.44,120.04,0.0
2026-07-24,122.47,123.08,114.75,114.99,0.0
